tree
version=v4
num_class=1
num_tree_per_iteration=1
label_index=0
max_feature_idx=1
objective=regression
feature_names=loadPercent oilTemperature
feature_infos=[0:106.25] [45:96]
tree_sizes=2739 2877 2870 2891 2879 2884 2886 2901 2899 2899 2900 2907 2900 2913 2921 2914 2924 2924 2932 2923 2928 2937 2940 2938 2948 2943 2946 2945 2948 2957 2951 2948 2962 2954 2947 2965 2958 2967 2966 2973 2982 2985 2983 2983 2992 2993 2995 2992 3000 2994 3004 3009 3010 3003 3012 3010 3019 3010 3029 3025 3025 3026 3035 3032 3027 3030 3031 3030 3025 3034 3030 3041 3034 3037 3042 3038 3035 3030 3042 3041 3036 3035 3039 3045 3037 3047 3045 3043 3044 3047 3041 3047 3045 3043 3050 3041 3049 3046 3035 3039

Tree=0
num_leaves=31
num_cat=0
split_feature=0 0 0 0 0 0 0 0 0 0 0 0 0 0 0 0 0 0 0 0 0 0 0 0 0 0 0 0 0 0
split_gain=279.882 51.7439 40.2581 9.93614 5.58603 3.7805 2.97639 1.45381 1.20356 0.557116 0.39023 0.267696 0.179096 0.159715 0.130741 0.129455 0.123607 0.0763576 0.0652769 0.0601989 0.0599289 0.0436044 0.0409901 0.0385772 0.0378883 0.036823 0.0302126 0.0280586 0.0142267 0.0129216
threshold=76.040000000000006 62.675000000000004 83.990000000000023 70.000000000000014 1.0000000180025095e-35 79.790000000000006 87.290000000000006 66.425000000000011 73.095000000000013 81.845000000000013 77.740000000000023 85.595000000000013 74.820000000000007 68.750000000000014 65.175000000000011 71.250000000000014 88.540000000000006 82.740000000000023 61.425000000000004 81.040000000000006 78.540000000000006 63.925000000000004 67.500000000000014 73.990000000000023 86.490000000000023 76.845000000000013 84.790000000000006 72.500000000000014 83.540000000000006 80.240000000000023
decision_type=2 2 2 2 2 2 2 2 2 2 2 2 2 2 2 2 2 2 2 2 2 2 2 2 2 2 2 2 2 2
left_child=1 4 5 7 -1 10 11 14 15 19 25 26 23 22 21 -5 -8 -11 -6 29 -12 -3 -9 -10 -13 -2 -4 -17 -19 -7
right_child=2 3 6 8 18 9 16 13 12 17 20 24 -14 -15 -16 27 -18 28 -20 -21 -22 -23 -24 -25 -26 -27 -28 -29 -30 -31
leaf_value=0.71001639148703322 0.74321416101543136 0.72545852916209896 0.75394110292535899 0.73539566827489544 0.72145264229288808 0.74807069625150968 0.75870824484455768 0.73052029165735954 0.73923394937551135 0.7511036159521387 0.74551154600366143 0.75617371606690387 0.74190707595939898 0.73369475730676259 0.72883424889803394 0.73707751285224998 0.7600099583689075 0.75226260280719504 0.72377281970089591 0.74995631360337811 0.74688519130910869 0.72714674803028312 0.73199664997833747 0.74044992556157996 0.75732301992198026 0.74435191682684665 0.75503203697084242 0.7384563901137422 0.75313352057488414 0.74888389197180882
leaf_weight=254 130 76 130 128 50 79 205 75 128 154 130 157 179 130 77 127 1652 128 77 127 204 77 126 133 132 157 124 52 74 128
leaf_count=254 130 76 130 128 50 79 205 75 128 154 130 157 179 130 77 127 1652 128 77 127 204 77 126 133 132 157 124 52 74 128
internal_value=0.747386 0.730513 0.755065 0.735236 0.714297 0.748019 0.758914 0.730207 0.739013 0.750566 0.745189 0.755658 0.740689 0.732329 0.727154 0.73661 0.759866 0.751942 0.722859 0.749099 0.746351 0.726308 0.731446 0.739854 0.756699 0.743837 0.754474 0.737478 0.752582 0.748574
internal_weight=5400 1689 3711 1308 381 1311 2400 561 747 690 621 543 440 331 230 307 1857 356 127 334 334 153 201 261 289 287 254 179 202 207
internal_count=5400 1689 3711 1308 381 1311 2400 561 747 690 621 543 440 331 230 307 1857 356 127 334 334 153 201 261 289 287 254 179 202 207
is_linear=0
shrinkage=1


Tree=1
num_leaves=31
num_cat=0
split_feature=0 0 0 0 0 0 0 0 0 0 0 0 0 0 0 0 0 0 0 0 0 0 0 0 0 0 0 0 0 0
split_gain=252.593 46.6988 36.3329 8.96736 5.04139 3.4119 2.68619 1.31207 1.08621 0.502797 0.352781 0.241595 0.161634 0.144143 0.117994 0.116833 0.111555 0.0692421 0.0589124 0.0553972 0.0543295 0.039353 0.0369935 0.034816 0.0346063 0.0341942 0.0272669 0.0253229 0.0140875 0.0126928
threshold=76.040000000000006 62.675000000000004 83.990000000000023 70.000000000000014 1.0000000180025095e-35 79.790000000000006 87.290000000000006 66.425000000000011 73.095000000000013 81.845000000000013 78.095000000000013 85.595000000000013 74.820000000000007 68.750000000000014 65.175000000000011 71.250000000000014 88.540000000000006 83.095000000000013 61.425000000000004 77.290000000000006 81.040000000000006 63.925000000000004 67.500000000000014 73.990000000000023 78.990000000000023 86.490000000000023 84.790000000000006 72.500000000000014 82.290000000000006 87.740000000000023
decision_type=2 2 2 2 2 2 2 2 2 2 2 2 2 2 2 2 2 2 2 2 2 2 2 2 2 2 2 2 2 2
left_child=1 4 5 7 -1 10 11 14 15 20 19 26 23 22 21 -5 29 28 -6 -2 -7 -3 -9 -10 -12 -13 -4 -17 -11 -8
right_child=2 3 6 8 18 9 16 13 12 17 24 25 -14 -15 -16 27 -18 -19 -20 -21 -22 -23 -24 -25 -26 -27 -28 -29 -30 -31
leaf_value=-0.035500818490982057 -0.0036773557180450078 -0.020830788953523888 0.0062276562475241147 -0.011390506708994509 -0.024636381864547731 0.0011284730883072253 0.010243864357471467 -0.016022113740444183 -0.0077441398985683921 0.0031987611395426288 -0.0012836283825051328 0.0083486388301014149 -0.0052046696525379268 -0.013006372279845753 -0.017623854670431708 -0.0097927545996632157 0.011993068914869509 0.0051366074255814681 -0.022432212976666241 -0.0023577097133966165 0.0024421062540468269 -0.019226980693154525 -0.014619574281904434 -0.0065889619402867521 -0.00017195607700653734 0.0094404771020918186 0.0072640438473993742 -0.0084828205406665812 0.0040537684268894649 0.011058424817499265
leaf_weight=254 210 76 130 128 50 207 76 75 128 78 156 157 179 130 77 127 1652 152 77 128 127 77 126 133 127 132 124 52 126 129
leaf_count=254 210 76 130 128 50 207 76 75 128 78 156 157 179 130 77 127 1652 152 77 128 127 77 126 133 127 132 124 52 126 129
internal_value=5.17513e-11 -0.0160293 0.00729547 -0.0115422 -0.0314339 0.000601577 0.010952 -0.0163194 -0.00795447 0.00302143 -0.00208714 0.00785859 -0.00636186 -0.0143038 -0.0192202 -0.010237 0.0118566 0.00432877 -0.0233 -0.00317761 0.00162797 -0.0200236 -0.0151429 -0.00715549 -0.000784751 0.00884733 0.00673361 -0.00941222 0.00372685 0.0107564
internal_weight=5400 1689 3711 1308 381 1311 2400 561 747 690 621 543 440 331 230 307 1857 356 127 338 334 153 201 261 283 289 254 179 204 205
internal_count=5400 1689 3711 1308 381 1311 2400 561 747 690 621 543 440 331 230 307 1857 356 127 338 334 153 201 261 283 289 254 179 204 205
is_linear=0
shrinkage=0.05


Tree=2
num_leaves=31
num_cat=0
split_feature=0 0 0 0 0 0 0 0 0 0 0 0 0 0 0 0 0 0 0 0 0 0 0 0 0 0 0 0 0 0
split_gain=227.99 44.6424 29.7189 7.21588 7.01675 2.91868 2.00797 1.11553 0.652006 0.413355 0.320325 0.185289 0.160305 0.122409 0.105696 0.100829 0.100679 0.0905358 0.0495628 0.0489249 0.0485263 0.0354105 0.0351884 0.0345248 0.0299309 0.0299021 0.0223361 0.0118732 0.0109969 0.0109445
threshold=76.490000000000023 63.925000000000004 84.345000000000013 71.250000000000014 1.0000000180025095e-35 80.595000000000013 87.290000000000006 67.500000000000014 73.990000000000023 78.540000000000006 82.290000000000006 69.345000000000013 86.040000000000006 61.425000000000004 65.175000000000011 75.240000000000023 88.540000000000006 72.500000000000014 77.290000000000006 83.540000000000006 79.345000000000013 62.675000000000004 66.425000000000011 70.000000000000014 85.240000000000023 81.490000000000023 68.750000000000014 88.095000000000013 73.570000000000007 86.845000000000013
decision_type=2 2 2 2 2 2 2 2 2 2 2 2 2 2 2 2 2 2 2 2 2 2 2 2 2 2 2 2 2 2
left_child=1 4 5 7 -1 9 12 14 17 18 25 26 24 -6 -3 -10 27 -5 -2 -12 -11 -15 -16 -13 -4 -7 -9 -8 -19 -14
right_child=2 3 6 8 13 10 16 11 15 20 19 23 29 21 22 -17 -18 28 -20 -21 -22 -23 -24 -25 -26 -27 -28 -29 -30 -31
leaf_value=-0.03372577726840973 -0.0032046884072549418 -0.01826563227873344 0.0063986636896928156 -0.0093031165989365169 -0.023404563218355181 0.0018472328673928015 0.009920409034321627 -0.013888594839307997 -0.0060467659520941812 -0.00072897527756732566 0.0041269320775480832 -0.012155476670998795 0.0084239245996675424 -0.021310602573605328 -0.016742662582304571 -0.0044367384201869737 0.011393415641048631 -0.007802031819637005 -0.0019648201381202769 0.0053769949383623023 0.00050885224364209561 -0.019789249940138115 -0.015221009433269501 -0.010820981347933412 0.0074373664204464398 0.002882083524458521 -0.012656918168067932 0.010704165448745091 -0.0069294914603233344 0.0091661370545625693
leaf_weight=254 132 77 150 127 50 155 127 126 185 129 204 78 131 77 77 205 1652 130 207 127 205 76 75 128 129 127 52 78 50 80
leaf_count=254 132 77 150 127 50 155 127 126 185 129 204 78 131 77 77 205 1652 130 207 127 205 76 75 128 129 127 52 78 50 80
internal_value=7.20444e-11 -0.0147314 0.007165 -0.0100374 -0.028187 0.00105572 0.0105125 -0.0139944 -0.00655727 -0.00121762 0.00355158 -0.0123472 0.0076654 -0.0212568 -0.0167564 -0.00520047 0.0112637 -0.00828089 -0.0024476 0.00460656 3.07692e-05 -0.0205549 -0.0159918 -0.0113263 0.00687892 0.00231328 -0.0135288 0.0102186 -0.00755966 0.00870533
internal_weight=5400 1767 3633 1310 457 1286 2347 613 697 673 613 384 490 203 229 390 1857 307 339 331 334 153 152 206 279 282 178 205 180 211
internal_count=5400 1767 3633 1310 457 1286 2347 613 697 673 613 384 490 203 229 390 1857 307 339 331 334 153 152 206 279 282 178 205 180 211
is_linear=0
shrinkage=0.05


Tree=3
num_leaves=31
num_cat=0
split_feature=0 0 0 0 0 0 0 0 0 0 0 0 0 0 0 0 0 0 0 0 0 0 0 0 0 0 0 0 0 0
split_gain=205.769 38.0307 29.5896 7.29938 4.10625 2.78092 2.18649 1.06869 0.884555 0.408354 0.287973 0.197183 0.131782 0.117405 0.096107 0.0947642 0.0908625 0.0579234 0.0479845 0.0442821 0.0430872 0.0320533 0.0301315 0.0281271 0.0275021 0.0273832 0.0225447 0.0201803 0.0107644 0.0104781
threshold=76.040000000000006 62.675000000000004 83.990000000000023 70.000000000000014 1.0000000180025095e-35 79.790000000000006 87.290000000000006 66.425000000000011 73.095000000000013 81.845000000000013 77.740000000000023 85.595000000000013 74.820000000000007 68.750000000000014 65.175000000000011 71.250000000000014 88.540000000000006 82.740000000000023 61.425000000000004 81.040000000000006 78.540000000000006 63.925000000000004 67.500000000000014 86.490000000000023 73.990000000000023 76.845000000000013 84.790000000000006 72.500000000000014 87.740000000000023 80.240000000000023
decision_type=2 2 2 2 2 2 2 2 2 2 2 2 2 2 2 2 2 2 2 2 2 2 2 2 2 2 2 2 2 2
left_child=1 4 5 7 -1 10 11 14 15 19 25 26 24 22 21 -5 28 -11 -6 29 -12 -3 -9 -13 -10 -2 -4 -17 -8 -7
right_child=2 3 6 8 18 9 16 13 12 17 20 23 -14 -15 -16 27 -18 -19 -20 -21 -22 -23 -24 -25 -26 -27 -28 -29 -30 -31
leaf_value=-0.032039490342140202 -0.0035818752589134072 -0.018799787504892602 0.0056171665569910642 -0.010279932105913759 -0.022234334796667102 0.00056890338553186462 0.0092356503009796143 -0.014459957957267761 -0.0069838730036281054 0.0031761864079283431 -0.0015969320544256616 0.0075345173525582457 -0.0046992133574445824 -0.011738250828706302 -0.015905528757479286 -0.0088379604609932477 0.010823744993665896 0.0044635047084919301 -0.02024507269069746 0.0022076756319427118 -0.00043218752360225352 -0.017352350539975355 -0.013194164964887831 0.0085247662708614804 -0.0059571758024674617 -0.0026007337816012135 0.0065595479381661262 -0.0076685786247253423 0.009985787947048512 0.0013011834336793982
leaf_weight=254 130 76 130 128 50 79 76 75 128 154 130 157 179 130 77 127 1652 202 77 127 204 77 126 132 133 157 124 52 129 128
leaf_count=254 130 76 130 128 50 79 76 75 128 154 130 157 179 130 77 127 1652 202 77 127 204 77 126 132 133 157 124 52 129 128
internal_value=5.43082e-11 -0.0144675 0.00658464 -0.0104182 -0.0283691 0.000543786 0.00988446 -0.0147283 -0.00718128 0.00272845 -0.00188362 0.00709356 -0.00574409 -0.0129092 -0.0173463 -0.0092411 0.0107005 0.00390663 -0.0210282 0.00147266 -0.000885531 -0.0180713 -0.0136665 0.00798681 -0.00646069 -0.00304515 0.00607723 -0.00849825 0.00970769 0.00102171
internal_weight=5400 1689 3711 1308 381 1311 2400 561 747 690 621 543 440 331 230 307 1857 356 127 334 334 153 201 289 261 287 254 179 205 207
internal_count=5400 1689 3711 1308 381 1311 2400 561 747 690 621 543 440 331 230 307 1857 356 127 334 334 153 201 289 261 287 254 179 205 207
is_linear=0
shrinkage=0.05


Tree=4
num_leaves=31
num_cat=0
split_feature=0 0 0 0 0 0 0 0 0 0 0 0 0 0 0 0 0 0 0 0 0 0 0 0 0 0 0 0 0 0
split_gain=185.71 36.3592 24.208 5.87563 5.71519 2.37823 1.63405 0.908602 0.530381 0.333982 0.262273 0.152103 0.131785 0.0997029 0.0860899 0.0832606 0.0820033 0.073742 0.040952 0.0406538 0.0384272 0.0288422 0.0286612 0.0276775 0.0262177 0.0241544 0.0177281 0.0100792 0.00959953 0.00941878
threshold=76.490000000000023 63.925000000000004 84.345000000000013 71.250000000000014 1.0000000180025095e-35 80.240000000000023 87.290000000000006 67.500000000000014 73.990000000000023 82.290000000000006 78.540000000000006 69.345000000000013 86.040000000000006 61.425000000000004 65.175000000000011 75.240000000000023 88.540000000000006 72.500000000000014 77.290000000000006 83.540000000000006 81.040000000000006 62.675000000000004 66.425000000000011 70.000000000000014 79.345000000000013 85.240000000000023 68.750000000000014 88.095000000000013 73.570000000000007 60.205000000000005
decision_type=2 2 2 2 2 2 2 2 2 2 2 2 2 2 2 2 2 2 2 2 2 2 2 2 2 2 2 2 2 2
left_child=1 4 5 7 -1 10 12 14 17 20 18 26 25 29 -3 -10 27 -5 -2 -11 -7 -15 -16 -13 -12 -4 -9 -8 -19 -6
right_child=2 3 6 8 13 9 16 11 15 19 24 23 -14 21 22 -17 -18 28 -20 -21 -22 -23 -24 -25 -26 -27 -28 -29 -30 -31
leaf_value=-0.030437514185905457 -0.0028950917111201721 -0.016484733409695813 0.0057749409303069115 -0.0083960628004993969 -0.021808868646621706 0.0012361242188489996 0.0089475444980024361 -0.012534457344620949 -0.0054642481679046482 0.0037213896711667384 -0.00067091716828849895 -0.010960790228385192 0.0078623647797164201 -0.019232818929405957 -0.015110252294447516 -0.0040011974514984503 0.01028255717084714 -0.0070490426168991968 -0.0017680628099231328 0.004860897652628854 0.0023402781393833277 -0.017859796924810663 -0.013736961066722869 -0.0097659359220415368 0.00029536731752443019 0.006708044939956 -0.011437160521745683 0.009669667979081472 -0.0062338232994079597 -0.020436368882656097
leaf_weight=254 132 77 150 127 25 128 127 126 185 204 129 78 211 77 77 205 1652 130 207 127 205 76 75 128 154 129 52 78 50 25
leaf_count=254 132 77 150 127 25 128 127 126 185 204 129 78 211 77 77 205 1652 130 207 127 205 76 75 128 154 129 52 78 50 25
internal_value=-8.50247e-11 -0.0132955 0.0064666 -0.00905927 -0.0254388 0.00095278 0.00948781 -0.0126299 -0.00591894 0.00303385 -0.00126881 -0.0111434 0.00691947 -0.0191842 -0.0151226 -0.00469521 0.0101655 -0.00747351 -0.00220691 0.0041586 0.00191586 -0.0185508 -0.0144326 -0.0102184 -0.000145095 0.00620638 -0.0122139 0.0092223 -0.00682259 -0.0211226
internal_weight=5400 1767 3633 1310 457 1286 2347 613 697 664 622 384 490 203 229 390 1857 307 339 331 333 153 152 206 283 279 178 205 180 50
internal_count=5400 1767 3633 1310 457 1286 2347 613 697 664 622 384 490 203 229 390 1857 307 339 331 333 153 152 206 283 279 178 205 180 50
is_linear=0
shrinkage=0.05


Tree=5
num_leaves=31
num_cat=0
split_feature=0 0 0 0 0 0 0 0 0 0 0 0 0 0 0 0 0 0 0 0 0 0 0 0 0 0 0 0 0 0
split_gain=167.625 30.9715 24.0975 5.94157 3.34457 2.26456 1.7798 0.870452 0.720326 0.333972 0.235715 0.160932 0.107434 0.0956272 0.0782797 0.0768571 0.074008 0.0487017 0.0390837 0.03598 0.0345077 0.0261075 0.0245423 0.0238608 0.0228056 0.0221667 0.0186638 0.0160713 0.00912877 0.00850044
threshold=76.040000000000006 62.675000000000004 83.990000000000023 70.000000000000014 1.0000000180025095e-35 79.790000000000006 87.290000000000006 66.425000000000011 73.095000000000013 81.845000000000013 78.095000000000013 85.595000000000013 74.820000000000007 68.750000000000014 65.175000000000011 71.250000000000014 88.540000000000006 83.095000000000013 61.425000000000004 80.595000000000013 77.290000000000006 63.925000000000004 67.500000000000014 86.490000000000023 78.990000000000023 73.570000000000007 84.790000000000006 72.500000000000014 87.740000000000023 60.205000000000005
decision_type=2 2 2 2 2 2 2 2 2 2 2 2 2 2 2 2 2 2 2 2 2 2 2 2 2 2 2 2 2 2
left_child=1 4 5 7 -1 10 11 14 15 19 20 26 25 22 21 -5 28 -11 29 -7 -2 -3 -9 -13 -12 -10 -4 -17 -8 -6
right_child=2 3 6 8 18 9 16 13 12 17 24 23 -14 -15 -16 27 -18 -19 -20 -21 -22 -23 -24 -25 -26 -27 -28 -29 -30 -31
leaf_value=-0.028915640711784363 -0.0029846707057385219 -0.016966807587366357 0.0050661935513982405 -0.0092776390258222825 -0.020718424022197725 0.00067727159708738335 0.0083264909684658047 -0.013050112903118133 -0.0065391861475430999 0.00302371199187987 -0.0010392784994716446 0.0067933475990204304 -0.0042429418682885574 -0.010593771464549579 -0.01435473958006153 -0.0079762598367657239 0.009768429856756411 0.0042060183704291524 -0.018271176962109358 0.0017416284278071689 -0.0019431410386459903 -0.0156604965398838 -0.011907734307977889 0.0077054095313404541 -0.00013683631818642563 -0.0055325601595998461 0.0059236345512251702 -0.0069326974451541902 0.0090172896609287869 -0.019414550065994265
leaf_weight=254 210 76 130 128 25 130 76 75 78 204 156 157 179 130 77 127 1652 152 77 204 128 77 126 132 127 183 124 52 129 25
leaf_count=254 210 76 130 128 25 130 76 75 78 204 156 157 179 130 77 127 1652 152 77 204 128 77 126 132 127 183 124 52 129 25
internal_value=4.39953e-12 -0.0130579 0.00594308 -0.00940367 -0.0256031 0.000491595 0.00892096 -0.0132923 -0.0064833 0.00246303 -0.00169889 0.00640296 -0.00518637 -0.0116505 -0.015655 -0.00834209 0.00965724 0.00352852 -0.018978 0.00132736 -0.00259025 -0.0163094 -0.012334 0.00720993 -0.000634296 -0.00583339 0.00548479 -0.0076731 0.00876119 -0.0200665
internal_weight=5400 1689 3711 1308 381 1311 2400 561 747 690 621 543 440 331 230 307 1857 356 127 334 338 153 201 289 283 261 254 179 205 50
internal_count=5400 1689 3711 1308 381 1311 2400 561 747 690 621 543 440 331 230 307 1857 356 127 334 338 153 201 289 283 261 254 179 205 50
is_linear=0
shrinkage=0.05


Tree=6
num_leaves=31
num_cat=0
split_feature=0 0 0 0 0 0 0 0 0 0 0 0 0 0 0 0 0 0 0 0 0 0 0 0 0 0 0 0 0 0
split_gain=151.284 29.61 19.7153 4.78223 4.65506 1.9355 1.32976 0.740062 0.43423 0.27359 0.213345 0.124908 0.108343 0.0821766 0.0812086 0.0701208 0.0669367 0.0438143 0.0335475 0.0330912 0.0324139 0.0234921 0.0233447 0.0221667 0.0212607 0.0194885 0.0158831 0.0140465 0.00833572 0.00767164
threshold=76.490000000000023 63.925000000000004 84.345000000000013 71.250000000000014 1.0000000180025095e-35 80.240000000000023 87.290000000000006 67.500000000000014 74.345000000000013 82.290000000000006 78.540000000000006 69.345000000000013 86.040000000000006 72.500000000000014 61.425000000000004 65.175000000000011 88.300000000000011 75.595000000000013 77.740000000000023 83.540000000000006 81.490000000000023 62.675000000000004 66.425000000000011 70.000000000000014 79.345000000000013 85.240000000000023 73.570000000000007 68.750000000000014 86.845000000000013 60.205000000000005
decision_type=2 2 2 2 2 2 2 2 2 2 2 2 2 2 2 2 2 2 2 2 2 2 2 2 2 2 2 2 2 2
left_child=1 4 5 7 -1 10 12 15 13 20 18 27 25 -5 29 -3 -8 -10 -2 -11 -7 -16 -17 -13 -12 -4 -15 -9 -14 -6
right_child=2 3 6 8 14 9 16 11 17 19 24 23 28 26 21 22 -18 -19 -20 -21 -22 -23 -24 -25 -26 -27 -28 -29 -30 -31
leaf_value=-0.027469858527183533 -0.0023819399061813309 -0.014877471811585614 0.0052120197415351874 -0.0075774466486897051 -0.019682502746582033 0.0013387889397845976 0.0082552685126579019 -0.01131234798166487 -0.0045817907818191039 0.0033615316099980305 -0.00060359610735561493 -0.0098830622549240417 0.0068554611606452308 -0.0063617609040095254 -0.017357618061753063 -0.013637002799418067 0.0092724202704728004 -0.0034393199773565413 -0.0013589887808148678 0.0043896032277289344 0.0023543875855137047 -0.016118466599207178 -0.012397606700658799 -0.008813756937161089 0.00026655943072839434 0.006050167414684629 -0.0055282518925035707 -0.010335613787174226 0.0075032032281160364 -0.018443822860717773
leaf_weight=254 209 77 150 127 25 206 179 126 183 204 129 78 131 130 77 77 1678 155 130 127 127 76 75 128 154 129 102 52 80 25
leaf_count=254 209 77 150 127 25 206 179 126 183 204 129 78 131 130 77 77 1678 155 130 127 127 76 75 128 154 129 102 52 80 25
internal_value=-1.62112e-10 -0.0120001 0.00583654 -0.00817717 -0.0229585 0.000860593 0.00856302 -0.0113985 -0.00534406 0.002738 -0.00114358 -0.0100569 0.00624611 -0.006555 -0.0173138 -0.0136482 0.00917437 -0.00405788 -0.00198966 0.00375599 0.00172612 -0.0167421 -0.0130255 -0.00921864 -0.000130084 0.00559955 -0.0059953 -0.011027 0.00710105 -0.0190632
internal_weight=5400 1767 3633 1310 457 1286 2347 613 697 664 622 384 490 359 203 229 1857 338 339 331 333 153 152 206 283 279 232 178 211 50
internal_count=5400 1767 3633 1310 457 1286 2347 613 697 664 622 384 490 359 203 229 1857 338 339 331 333 153 152 206 283 279 232 178 211 50
is_linear=0
shrinkage=0.05


Tree=7
num_leaves=31
num_cat=0
split_feature=0 0 0 0 0 0 0 0 0 0 0 0 0 0 0 0 0 0 0 0 0 0 0 0 0 0 0 0 0 0
split_gain=136.543 25.2243 19.6274 4.83774 2.72417 1.8452 1.44877 0.708989 0.587282 0.271621 0.19167 0.131334 0.088224 0.077889 0.0637593 0.0623193 0.0610897 0.0406395 0.031834 0.0302389 0.0291795 0.0212648 0.0199899 0.0196094 0.0184862 0.0178508 0.0154672 0.0127803 0.00777305 0.00703082
threshold=76.040000000000006 62.675000000000004 83.990000000000023 70.000000000000014 1.0000000180025095e-35 79.790000000000006 87.290000000000006 66.425000000000011 73.095000000000013 81.845000000000013 78.095000000000013 85.595000000000013 74.820000000000007 68.750000000000014 65.175000000000011 71.250000000000014 88.095000000000013 82.740000000000023 61.425000000000004 81.040000000000006 76.845000000000013 63.925000000000004 67.500000000000014 86.490000000000023 78.990000000000023 73.990000000000023 84.790000000000006 72.500000000000014 88.540000000000006 83.540000000000006
decision_type=2 2 2 2 2 2 2 2 2 2 2 2 2 2 2 2 2 2 2 2 2 2 2 2 2 2 2 2 2 2
left_child=1 4 5 7 -1 10 11 14 15 19 20 26 25 22 21 -5 -8 -11 -6 -7 -2 -3 -9 -13 -12 -10 -4 -17 -18 -19
right_child=2 3 6 8 18 9 16 13 12 17 24 23 -14 -15 -16 27 28 29 -20 -21 -22 -23 -24 -25 -26 -27 -28 -29 -30 -31
leaf_value=-0.026096364855766298 -0.0029247916805056427 -0.015312543256502404 0.0045690477123627301 -0.0083730692509561781 -0.018110004812479021 0.00082663534960489065 0.0076572092851315901 -0.011777726590633392 -0.0056890418869443241 0.0025725273173544316 -0.0009380078176036478 0.0061309111820664376 -0.0038262779049200719 -0.0095608788499465368 -0.012955152485277746 -0.0071985741945232926 0.0083056042591730765 0.0034265227557625623 -0.016489737180920391 0.0018066648481868384 -0.0019698788322365054 -0.014133596904092022 -0.010746730450126861 0.0069577374693119177 -0.00012550826226159434 -0.0048618847070107784 0.0053496158591681917 -0.0062679745256900791 0.0088163872175008855 0.0040387712721083619
leaf_weight=254 130 76 130 128 50 207 127 75 128 154 156 157 179 130 77 127 78 128 77 127 208 77 126 132 127 133 124 52 1652 74
leaf_count=254 130 76 130 128 50 207 127 75 128 154 156 157 179 130 77 127 78 128 77 127 208 77 126 132 127 133 124 52 1652 74
internal_value=6.37444e-11 -0.0117852 0.00536385 -0.00848743 -0.0231068 0.00044391 0.00805137 -0.0119963 -0.00585226 0.00222347 -0.00153338 0.00577956 -0.00468121 -0.0105146 -0.0141286 -0.00753064 0.00871566 0.00318436 -0.0171276 0.00119928 -0.00233715 -0.0147192 -0.0111314 0.00650856 -0.000573388 -0.00526754 0.00495011 -0.00692823 0.00879336 0.00365081
internal_weight=5400 1689 3711 1308 381 1311 2400 561 747 690 621 543 440 331 230 307 1857 356 127 334 338 153 201 289 283 261 254 179 1730 202
internal_count=5400 1689 3711 1308 381 1311 2400 561 747 690 621 543 440 331 230 307 1857 356 127 334 338 153 201 289 283 261 254 179 1730 202
is_linear=0
shrinkage=0.05


Tree=8
num_leaves=31
num_cat=0
split_feature=0 0 0 0 0 0 0 0 0 0 0 0 0 0 0 0 0 0 0 0 0 0 0 0 0 0 0 0 0 0
split_gain=123.23 22.765 17.7137 4.36606 2.45856 1.6653 1.30752 0.639863 0.530022 0.245138 0.17392 0.118529 0.0800452 0.0702948 0.0575428 0.0562431 0.0551335 0.0370897 0.0288281 0.0278167 0.0258726 0.0191915 0.0180409 0.0179298 0.0176975 0.016702 0.0139592 0.0115342 0.00701518 0.00682562
threshold=76.040000000000006 62.675000000000004 83.990000000000023 70.000000000000014 1.0000000180025095e-35 79.790000000000006 87.290000000000006 66.425000000000011 73.095000000000013 81.845000000000013 77.740000000000023 85.595000000000013 74.345000000000013 68.750000000000014 65.175000000000011 71.250000000000014 88.095000000000013 83.095000000000013 60.205000000000005 80.595000000000013 78.990000000000023 63.925000000000004 67.500000000000014 75.240000000000023 86.490000000000023 76.845000000000013 84.790000000000006 72.500000000000014 88.540000000000006 61.425000000000004
decision_type=2 2 2 2 2 2 2 2 2 2 2 2 2 2 2 2 2 2 2 2 2 2 2 2 2 2 2 2 2 2
left_child=1 4 5 7 -1 10 11 14 15 19 25 26 -10 22 21 -5 -8 -11 -6 -7 -12 -3 -9 -14 -13 -2 -4 -17 -18 -20
right_child=2 3 6 8 18 9 16 13 12 17 20 24 23 -15 -16 27 28 -19 29 -21 -22 -23 -24 -25 -26 -27 -28 -29 -30 -31
leaf_value=-0.024791546165943146 -0.0027785521315840576 -0.014546917124014153 0.004340595250519423 -0.0079544159118086107 -0.017792877554893494 0.00056771606851655713 0.0072743485351716448 -0.011188840150833129 -0.005257664579484198 0.0025846120262262868 -0.0010257504070582599 0.0058243656115736933 -0.0042917602548473762 -0.0090828346976867102 -0.01230739528289089 -0.0068386455865826192 0.0078903237978617362 0.0036163860686907641 -0.016616131365299224 0.0015035728321355932 -0.00011923284845557991 -0.013426918275170514 -0.010209393832418654 -0.0034611139153167022 0.0066098504897319915 -0.0020122960257302424 0.0050821349535497932 -0.0059545755386352546 0.0083755676560194111 -0.015665251461716444
leaf_weight=254 130 76 130 128 25 130 127 75 180 204 207 157 133 130 77 127 78 152 25 204 127 77 126 127 132 157 124 52 1652 77
leaf_count=254 130 76 130 128 25 130 127 75 180 204 207 157 133 130 77 127 78 152 25 204 127 77 126 127 132 157 124 52 1652 77
internal_value=-4.96214e-11 -0.011196 0.00509566 -0.00806306 -0.0219514 0.000421715 0.0076488 -0.0113965 -0.00555965 0.00211229 -0.00145671 0.00549059 -0.00444715 -0.00998887 -0.0134222 -0.00715411 0.00827987 0.00302514 -0.0162713 0.00113932 -0.000681057 -0.0139833 -0.0105749 -0.00388602 0.00618313 -0.00235938 0.00470261 -0.00658182 0.00835369 -0.0158983
internal_weight=5400 1689 3711 1308 381 1311 2400 561 747 690 621 543 440 331 230 307 1857 356 127 334 334 153 201 260 289 287 254 179 1730 102
internal_count=5400 1689 3711 1308 381 1311 2400 561 747 690 621 543 440 331 230 307 1857 356 127 334 334 153 201 260 289 287 254 179 1730 102
is_linear=0
shrinkage=0.05


Tree=9
num_leaves=31
num_cat=0
split_feature=0 0 0 0 0 0 0 0 0 0 0 0 0 0 0 0 0 0 0 0 0 0 0 0 0 0 0 0 0 0
split_gain=111.22 21.7634 14.495 3.51338 3.4219 1.42585 0.975729 0.544013 0.319464 0.200975 0.158217 0.0934483 0.0812288 0.0601448 0.0596958 0.0515452 0.0497579 0.0330589 0.0252324 0.0240336 0.0235437 0.0172689 0.0171605 0.015704 0.0149701 0.0140286 0.0126969 0.00971453 0.00638125 0.00633119
threshold=76.490000000000023 63.925000000000004 84.345000000000013 71.250000000000014 1.0000000180025095e-35 80.595000000000013 87.290000000000006 67.500000000000014 74.345000000000013 78.540000000000006 82.290000000000006 69.345000000000013 86.040000000000006 72.500000000000014 61.425000000000004 65.175000000000011 88.095000000000013 75.595000000000013 77.290000000000006 83.095000000000013 79.345000000000013 62.675000000000004 66.425000000000011 70.000000000000014 81.490000000000023 85.240000000000023 73.570000000000007 68.750000000000014 86.845000000000013 88.540000000000006
decision_type=2 2 2 2 2 2 2 2 2 2 2 2 2 2 2 2 2 2 2 2 2 2 2 2 2 2 2 2 2 2
left_child=1 4 5 7 -1 9 12 15 13 18 24 27 25 -5 -6 -3 -8 -10 -2 -12 -11 -16 -17 -13 -7 -4 -15 -9 -14 -18
right_child=2 3 6 8 14 10 16 11 17 20 19 23 28 26 21 22 29 -19 -20 -21 -22 -23 -24 -25 -26 -27 -28 -29 -30 -31
leaf_value=-0.02355196923017502 -0.0022489960898052562 -0.012755571789555737 0.0044688988029956819 -0.0064967131110157551 -0.016344279050827026 0.0012822253172916753 0.0069106313069974348 -0.0096989240083429559 -0.0039352277833255914 -0.00050987527027090854 0.0026802490095770553 -0.008456723105448944 0.005882924197966816 -0.0054708204762293749 -0.014881988314839154 -0.011692025754358862 0.0074958076079686478 -0.0029428411635660356 -0.0013643349417381816 0.0035577177038279978 0.00035232679713439346 -0.013819570584516778 -0.010629397660493851 -0.0075566949788480999 0.0020144404814116598 0.0051800113171339042 -0.0047255881495919883 -0.0088866472244262702 0.006449663564562798 0.007956789147117815
leaf_weight=254 132 77 150 127 50 155 127 126 183 129 126 78 131 130 77 77 78 155 207 205 205 76 75 128 127 129 102 52 80 1652
leaf_count=254 132 77 150 127 50 155 127 126 183 129 126 78 131 130 77 77 78 155 207 205 205 76 75 128 127 129 102 52 80 1652
internal_value=-4.58937e-11 -0.0102891 0.00500438 -0.00701169 -0.0196841 0.000737784 0.00734219 -0.00977279 -0.00458334 -0.000851162 0.00248226 -0.00862253 0.00535754 -0.005622 -0.0148444 -0.0117016 0.00786588 -0.00348014 -0.0017088 0.0032237 1.93206e-05 -0.0143543 -0.0111677 -0.00789748 0.00161198 0.00479769 -0.00514318 -0.00946163 0.0060978 0.00793601
internal_weight=5400 1767 3633 1310 457 1286 2347 613 697 673 613 384 490 359 203 229 1857 338 339 331 334 153 152 206 282 279 232 178 211 1730
internal_count=5400 1767 3633 1310 457 1286 2347 613 697 673 613 384 490 359 203 229 1857 338 339 331 334 153 152 206 282 279 232 178 211 1730
is_linear=0
shrinkage=0.05


Tree=10
num_leaves=31
num_cat=0
split_feature=0 0 0 0 0 0 0 0 0 0 0 0 0 0 0 0 0 0 0 0 0 0 0 0 0 0 0 0 0 0
split_gain=100.379 18.5407 14.4305 3.555 2.00251 1.35782 1.06353 0.521172 0.432125 0.205097 0.141408 0.0964636 0.0660113 0.058507 0.0468689 0.0465008 0.0449066 0.0270559 0.0244462 0.0219677 0.0216043 0.0213577 0.0156316 0.013948 0.0135659 0.0121474 0.00691275 0.00575907 0.00571391 0.0052033
threshold=76.040000000000006 62.675000000000004 83.990000000000023 70.000000000000014 1.0000000180025095e-35 80.240000000000023 87.290000000000006 66.425000000000011 73.095000000000013 78.095000000000013 82.290000000000006 86.040000000000006 74.820000000000007 68.095000000000013 65.175000000000011 71.845000000000013 88.095000000000013 78.990000000000023 60.205000000000005 84.790000000000006 81.040000000000006 77.290000000000006 63.925000000000004 83.095000000000013 73.570000000000007 68.750000000000014 71.250000000000014 86.845000000000013 88.540000000000006 61.425000000000004
decision_type=2 2 2 2 2 2 2 2 2 2 2 2 2 2 2 2 2 2 2 2 2 2 2 2 2 2 2 2 2 2
left_child=1 4 5 7 -1 9 11 14 15 21 20 19 24 -9 22 26 -8 -11 -6 -4 -7 -2 -3 -12 -10 -15 -5 -13 -18 -20
right_child=2 3 6 8 18 10 16 13 12 17 23 27 -14 25 -16 -17 28 -19 29 -21 -22 -23 -24 -25 -26 -27 -28 -29 -30 -31
leaf_value=-0.022374370694160463 -0.0023189845947282658 -0.013128591819029107 0.0039186945586250381 -0.0071788596455007797 -0.016086019575595856 0.0008980488011729904 0.0065650994559441969 -0.009852102433796972 -0.0050732620633565468 -0.00079269079933277312 0.0025462366463173004 0.005588777883703472 -0.0032744263689028484 -0.0090032424522589333 -0.011107424143459891 -0.0057401217520236976 0.0071210170785586044 8.0199009307673727e-05 -0.014968110620975495 0.004751961410857073 0.0017259535293390111 -0.0014995944075053558 -0.01211779314976234 0.0032576808460841053 -0.0042857771973466617 -0.0081972580918898957 -0.0064805001020431519 0.0061271800845861439 0.007558949749925813 -0.014137888399811536
leaf_weight=254 210 76 130 128 25 128 127 128 78 156 126 131 179 73 77 130 78 206 25 202 205 128 77 152 183 130 49 80 1652 77
leaf_count=254 210 76 130 128 25 128 127 128 78 156 126 131 179 73 77 130 78 206 25 202 205 128 77 152 183 130 49 80 1652 77
internal_value=-1.49028e-11 -0.0101047 0.00459901 -0.00727741 -0.0198112 0.000380389 0.00690343 -0.0102853 -0.00501846 -0.00112296 0.00210272 0.00495696 -0.00401394 -0.00901495 -0.0121135 -0.00645816 0.00747259 -0.000295963 -0.0146848 0.00442568 0.00140772 -0.00200868 -0.0126199 0.00293523 -0.00452112 -0.00848709 -0.00698553 0.00579291 0.0075392 -0.0143414
internal_weight=5400 1689 3711 1308 381 1311 2400 561 747 700 611 543 440 331 230 307 1857 362 127 332 333 338 153 278 261 203 177 211 1730 102
internal_count=5400 1689 3711 1308 381 1311 2400 561 747 700 611 543 440 331 230 307 1857 362 127 332 333 338 153 278 261 203 177 211 1730 102
is_linear=0
shrinkage=0.05


Tree=11
num_leaves=31
num_cat=0
split_feature=0 0 0 0 0 0 0 0 0 0 0 0 0 0 0 0 0 0 0 0 0 0 0 0 0 0 0 0 0 0
split_gain=90.6028 17.7236 11.8049 2.85956 2.78716 1.16068 0.794022 0.445154 0.260852 0.163781 0.127885 0.0762754 0.0659596 0.0495376 0.0486226 0.0416293 0.0405282 0.0269697 0.0205034 0.0202326 0.0197236 0.0140656 0.0136214 0.0127175 0.0123852 0.0118718 0.00981617 0.00749574 0.00563938 0.00519756
threshold=76.490000000000023 63.925000000000004 84.345000000000013 71.250000000000014 1.0000000180025095e-35 80.240000000000023 87.290000000000006 67.500000000000014 74.345000000000013 82.290000000000006 78.540000000000006 69.345000000000013 86.040000000000006 72.500000000000014 61.425000000000004 65.175000000000011 88.095000000000013 75.595000000000013 83.540000000000006 77.740000000000023 81.490000000000023 62.675000000000004 66.425000000000011 70.595000000000013 79.345000000000013 85.240000000000023 73.570000000000007 68.750000000000014 60.205000000000005 86.845000000000013
decision_type=2 2 2 2 2 2 2 2 2 2 2 2 2 2 2 2 2 2 2 2 2 2 2 2 2 2 2 2 2 2
left_child=1 4 5 7 -1 10 12 15 13 20 19 27 25 -5 28 -3 -8 -10 -11 -2 -7 -16 -17 -13 -12 -4 -15 -9 -6 -14
right_child=2 3 6 8 14 9 16 11 17 18 24 23 29 26 21 22 -18 -19 -20 -21 -22 -23 -24 -25 -26 -27 -28 -29 -30 -31
leaf_value=-0.021255652606487277 -0.0018453138902712097 -0.011511903739981837 0.004029242905477683 -0.0058705885285936944 -0.015281718969345093 0.0010351930358401926 0.0062368445333064078 -0.0087459627952840603 -0.0035523627401212524 0.0025973803802009894 -0.00046234008307431554 -0.0074374222684474222 0.0053093390155384557 -0.0049302793638064321 -0.013430993704052716 -0.01055205339541683 0.0071622449581678202 -0.0026560179011956338 0.0034066262324963965 -0.0010508933548743907 0.001827420663880551 -0.01247216288588549 -0.0096053228080272678 -0.0066313499957323082 0.00020180057267266835 0.0046834126114845276 -0.0042750198759284675 -0.0080324523150920868 -0.014219704270362855 0.005820821151137353
leaf_weight=254 209 77 150 127 25 206 127 126 183 204 129 126 131 130 77 77 1730 155 127 130 127 76 75 80 154 129 102 52 25 80
leaf_count=254 209 77 150 127 25 206 127 126 183 204 129 126 131 130 77 77 1730 155 127 130 127 76 75 80 154 129 102 52 25 80
internal_value=6.79017e-11 -0.00928664 0.00451679 -0.00632897 -0.0177649 0.000666398 0.00662654 -0.00881994 -0.00413819 0.00212024 -0.000885613 -0.00777943 0.0048362 -0.00507675 -0.0133971 -0.0105647 0.00709896 -0.00314132 0.00290788 -0.00154067 0.00133733 -0.0129547 -0.0100849 -0.00712438 -0.000100935 0.00433171 -0.00464219 -0.00853752 -0.0147507 0.00550327
internal_weight=5400 1767 3633 1310 457 1286 2347 613 697 664 622 384 490 359 203 229 1857 338 331 339 333 153 152 206 283 279 232 178 50 211
internal_count=5400 1767 3633 1310 457 1286 2347 613 697 664 622 384 490 359 203 229 1857 338 331 339 333 153 152 206 283 279 232 178 50 211
is_linear=0
shrinkage=0.05


Tree=12
num_leaves=31
num_cat=0
split_feature=0 0 0 0 0 0 0 0 0 0 0 0 0 0 0 0 0 0 0 0 0 0 0 0 0 0 0 0 0 0
split_gain=81.7691 15.9955 10.6539 2.58075 2.51541 1.04936 0.716605 0.401752 0.235689 0.147042 0.115967 0.0688385 0.0595285 0.0438819 0.0383891 0.0375704 0.0372457 0.0321843 0.0220026 0.0186724 0.0180691 0.0126942 0.0122933 0.011762 0.0107143 0.00861868 0.0067649 0.00568845 0.00508954 0.0046908
threshold=76.490000000000023 63.925000000000004 84.345000000000013 71.250000000000014 1.0000000180025095e-35 80.595000000000013 87.290000000000006 67.500000000000014 73.990000000000023 78.540000000000006 82.740000000000023 69.345000000000013 86.040000000000006 61.425000000000004 75.240000000000023 65.175000000000011 88.540000000000006 72.500000000000014 81.490000000000023 77.290000000000006 79.790000000000006 62.675000000000004 66.425000000000011 70.000000000000014 85.240000000000023 83.540000000000006 68.750000000000014 87.740000000000023 60.205000000000005 86.845000000000013
decision_type=2 2 2 2 2 2 2 2 2 2 2 2 2 2 2 2 2 2 2 2 2 2 2 2 2 2 2 2 2 2
left_child=1 4 5 7 -1 9 12 15 17 19 18 26 24 28 -10 -3 27 -5 -7 -2 -11 -15 -17 -13 -4 -12 -9 -8 -6 -14
right_child=2 3 6 8 13 10 16 11 14 20 25 23 29 21 -16 22 -18 -19 -20 -21 -22 -23 -24 -25 -26 -27 -28 -29 -30 -31
leaf_value=-0.020192869007587433 -0.0019283312965523115 -0.010936308390908428 0.0038277806962529817 -0.005577059122403776 -0.014517633616924286 0.0011006207866293769 0.0057651959359645844 -0.008308664378192691 -0.0036377196315978025 -0.00027904139154570124 0.0026549236470600592 -0.0072521534676735222 0.0050438722211668509 -0.012759444562645703 -0.002644274878974368 -0.010024450216200445 0.0068228905014783951 -0.0045375630383690203 0.0018917261342990576 -0.0011673075331437991 0.00047522420350175641 -0.011848554505329383 -0.0091250568926334371 -0.0064732355531305075 0.0044492419809103014 0.0032362948208460663 -0.0076308295130729682 0.0063105042272990994 -0.013508719205856324 0.0055297802388668063
leaf_weight=254 132 77 150 127 25 155 76 126 185 204 128 78 131 77 205 77 1652 180 203 207 130 76 75 128 129 127 52 129 25 80
leaf_count=254 132 77 150 127 25 155 76 126 185 204 128 78 131 77 205 77 1652 180 203 207 130 76 75 128 129 127 52 129 25 80
internal_value=1.38198e-10 -0.0088223 0.00429095 -0.00601252 -0.0168766 0.000633078 0.00629522 -0.00837895 -0.00393128 -0.000730041 0.00212962 -0.00739046 0.00459439 -0.0127272 -0.00311552 -0.0100365 0.00674401 -0.00496758 0.00154921 -0.00146364 1.4535e-05 -0.012307 -0.00958067 -0.00676817 0.00411512 0.00294447 -0.00811065 0.00610834 -0.0140132 0.0052281
internal_weight=5400 1767 3633 1310 457 1286 2347 613 697 673 613 384 490 203 390 229 1857 307 358 339 334 153 152 206 279 255 178 205 50 211
internal_count=5400 1767 3633 1310 457 1286 2347 613 697 673 613 384 490 203 390 229 1857 307 358 339 334 153 152 206 279 255 178 205 50 211
is_linear=0
shrinkage=0.05


Tree=13
num_leaves=31
num_cat=0
split_feature=0 0 0 0 0 0 0 0 0 0 0 0 0 0 0 0 0 0 0 0 0 0 0 0 0 0 0 0 0 0
split_gain=73.8037 13.6261 10.6062 2.61332 1.47203 0.999364 0.780916 0.382507 0.317937 0.146766 0.104689 0.0719801 0.0489045 0.0440493 0.034498 0.034453 0.0336142 0.0226506 0.0179702 0.017019 0.0158848 0.0114906 0.0108112 0.00972227 0.0093814 0.0084992 0.00831687 0.00523168 0.00513382 0.00398476
threshold=76.040000000000006 62.675000000000004 83.990000000000023 70.000000000000014 1.0000000180025095e-35 79.790000000000006 87.290000000000006 66.425000000000011 73.095000000000013 81.845000000000013 78.095000000000013 85.595000000000013 74.820000000000007 68.095000000000013 71.845000000000013 65.175000000000011 88.540000000000006 82.740000000000023 60.205000000000005 81.040000000000006 76.845000000000013 63.925000000000004 86.490000000000023 73.570000000000007 78.990000000000023 84.790000000000006 68.750000000000014 70.595000000000013 87.740000000000023 83.540000000000006
decision_type=2 2 2 2 2 2 2 2 2 2 2 2 2 2 2 2 2 2 2 2 2 2 2 2 2 2 2 2 2 2
left_child=1 4 5 7 -1 10 11 15 14 19 20 25 23 -9 27 21 28 -11 -6 -7 -2 -3 -13 -10 -12 -4 -15 -5 -8 -19
right_child=2 3 6 8 18 9 16 13 12 17 24 22 -14 26 -16 -17 -18 29 -20 -21 -22 -23 -24 -25 -26 -27 -28 -29 -30 -31
leaf_value=-0.019183225929737091 -0.0021559284570125434 -0.011256126804571403 0.0033546577021479605 -0.0064386621117591865 -0.013791751861572266 0.00060405432019418716 0.0054769363254308706 -0.0084576716180890799 -0.0043462068415605105 0.0018860243938185952 -0.00067859337372609826 0.0045104691818071783 -0.0028057220657278039 -0.0077003489924620284 -0.0049203295260667806 -0.0095232280527616491 0.0064817455522806254 0.0025221773976227269 -0.012295935843505112 0.0013392833208181257 -0.0014513712282328366 -0.010389493144564815 0.0051243992240139931 -0.0036795518172731815 -9.9787493128655855e-05 0.0039332776120112791 -0.0070334426829448118 -0.0058272110543740813 0.0059949788445419127 0.0029830975760076501
leaf_weight=254 130 76 130 48 25 207 76 128 78 154 156 157 179 73 130 77 1652 128 102 127 208 77 132 183 127 124 130 129 129 74
leaf_count=254 130 76 130 48 25 207 76 128 78 154 156 157 179 73 130 77 1652 128 102 127 208 77 132 183 127 124 130 129 129 74
internal_value=-4.19346e-11 -0.00866448 0.0039435 -0.00624067 -0.0169856 0.00032683 0.0059191 -0.00881961 -0.00430388 0.00163647 -0.00112832 0.00425119 -0.00344224 -0.00773128 -0.00553879 -0.0103858 0.00640681 0.0023428 -0.0125904 0.000883617 -0.00172235 -0.01082 0.00479088 -0.00387878 -0.000418847 0.00363713 -0.00727327 -0.00599303 0.00580292 0.00269103
internal_weight=5400 1689 3711 1308 381 1311 2400 561 747 690 621 543 440 331 307 230 1857 356 127 334 338 153 289 261 283 254 203 177 205 202
internal_count=5400 1689 3711 1308 381 1311 2400 561 747 690 621 543 440 331 307 230 1857 356 127 334 338 153 289 261 283 254 203 177 205 202
is_linear=0
shrinkage=0.05


Tree=14
num_leaves=31
num_cat=0
split_feature=0 0 0 0 0 0 0 0 0 0 0 0 0 0 0 0 0 0 0 0 0 0 0 0 0 0 0 0 0 0
split_gain=66.6078 12.2976 9.57208 2.35852 1.32851 0.901926 0.705051 0.345213 0.286938 0.132456 0.0949 0.0566015 0.0441363 0.0404984 0.0397545 0.0311344 0.0310938 0.0204421 0.0162181 0.0153596 0.0133882 0.0103703 0.00910162 0.00877435 0.00767052 0.00752957 0.007506 0.00472159 0.00407805 0.00389971
threshold=76.040000000000006 62.675000000000004 83.990000000000023 70.000000000000014 1.0000000180025095e-35 79.790000000000006 87.050000000000011 66.425000000000011 73.095000000000013 81.845000000000013 77.740000000000023 85.595000000000013 74.820000000000007 88.095000000000013 68.095000000000013 71.845000000000013 65.175000000000011 82.740000000000023 60.205000000000005 81.040000000000006 78.990000000000023 63.925000000000004 76.845000000000013 73.570000000000007 84.790000000000006 86.040000000000006 68.750000000000014 70.595000000000013 88.780000000000015 75.595000000000013
decision_type=2 2 2 2 2 2 2 2 2 2 2 2 2 2 2 2 2 2 2 2 2 2 2 2 2 2 2 2 2 2
left_child=1 4 5 7 -1 10 11 16 15 19 22 24 23 -8 -9 27 21 -11 -6 -7 -12 -3 -2 -10 -4 -13 -16 -5 -15 -14
right_child=2 3 6 8 18 9 13 14 12 17 20 25 29 28 26 -17 -18 -19 -20 -21 -22 -23 -24 -25 -26 -27 -28 -29 -30 -31
leaf_value=-0.018224065005779267 -0.002048132078578839 -0.010693320377092613 0.0031869249404049838 -0.0061167288571596151 -0.013102163374423981 0.00057385162223166464 0.005292470473187422 -0.0080347881477791823 -0.0041288965023480928 0.0017917232346031575 -0.00074690349044611204 0.0040897483435960924 -0.0028682064739804641 0.0058391541703825909 -0.0073153320444773323 -0.0046743129938840869 -0.0090470666622186648 0.0025564779407612169 -0.011681139082008718 0.0012723190856613513 -9.4798118396026025e-05 -0.009870018548779674 -0.0014824806576132015 -0.0034955740504251809 0.0037366135766909968 0.0046754813496325464 -0.0066817700633635888 -0.0055358505121959273 0.0061606668525017233 -0.0023968309913943342
leaf_weight=254 130 76 130 48 25 207 153 128 78 154 207 78 102 105 73 130 77 202 102 127 127 77 157 183 124 185 130 129 1625 77
leaf_count=254 130 76 130 48 25 207 153 128 78 154 207 78 102 105 73 130 77 202 102 127 127 77 157 183 124 185 130 129 1625 77
internal_value=-1.32117e-11 -0.00823126 0.00374632 -0.00592864 -0.0161363 0.000310489 0.00562314 -0.00837863 -0.00408868 0.00155465 -0.00107191 0.00398763 -0.00327013 0.00607219 -0.00734472 -0.00526185 -0.00986656 0.00222566 -0.0119609 0.000839437 -0.000498947 -0.010279 -0.0017387 -0.00368484 0.00345528 0.00450177 -0.0069096 -0.00569338 0.00614115 -0.00266544
internal_weight=5400 1689 3711 1308 381 1311 2400 561 747 690 621 517 440 1883 331 307 230 356 127 334 334 153 287 261 254 263 203 177 1730 179
internal_count=5400 1689 3711 1308 381 1311 2400 561 747 690 621 517 440 1883 331 307 230 356 127 334 334 153 287 261 254 263 203 177 1730 179
is_linear=0
shrinkage=0.05


Tree=15
num_leaves=31
num_cat=0
split_feature=0 0 0 0 0 0 0 0 0 0 0 0 0 0 0 0 0 0 0 0 0 0 0 0 0 0 0 0 0 0
split_gain=60.114 11.7569 7.83294 1.89965 1.84906 0.773714 0.52631 0.297342 0.175111 0.108225 0.0854478 0.0503522 0.0439165 0.0338082 0.03275 0.0273341 0.0271371 0.0180609 0.0140487 0.0134721 0.0127754 0.00892932 0.00856066 0.00817168 0.00789012 0.00777013 0.00599713 0.00442692 0.0043273 0.00372619
threshold=76.490000000000023 63.925000000000004 84.345000000000013 71.250000000000014 1.0000000180025095e-35 80.595000000000013 87.290000000000006 67.500000000000014 74.345000000000013 78.540000000000006 82.290000000000006 69.345000000000013 86.040000000000006 61.425000000000004 72.500000000000014 88.540000000000006 65.175000000000011 75.595000000000013 77.290000000000006 83.300000000000011 79.345000000000013 62.675000000000004 66.425000000000011 70.595000000000013 85.240000000000023 81.490000000000023 73.570000000000007 68.095000000000013 87.740000000000023 86.845000000000013
decision_type=2 2 2 2 2 2 2 2 2 2 2 2 2 2 2 2 2 2 2 2 2 2 2 2 2 2 2 2 2 2
left_child=1 4 5 7 -1 9 12 16 14 18 25 27 24 -6 -5 28 -3 -10 -2 -12 -11 -15 -18 -13 -4 -7 -16 -9 -8 -14
right_child=2 3 6 8 13 10 15 11 17 20 19 23 29 21 26 -17 22 -19 -20 -21 -22 -23 -24 -25 -26 -27 -28 -29 -30 -31
leaf_value=-0.017312861979007721 -0.0016602029276052207 -0.0093765174220134685 0.0032818571676810587 -0.0047843590173430334 -0.012040742486715317 0.00095062078337275219 0.0049384657293558122 -0.0073342762887477876 -0.0028895106156422794 -0.00037880522747661254 0.0020768910144152264 -0.0060541116233382916 0.0043201960623264314 -0.010922618655415325 -0.0040107412235094956 0.0058498876225699381 -0.0085947128569150901 -0.0021559989344208472 -0.0010000936610507216 0.0027166938677040584 0.00025631821578582921 -0.010158654792528404 -0.0078441806435585026 -0.0054079680144786839 0.0038151594355355862 0.0014781433590284484 -0.0034985716144243875 -0.0067889733433723455 0.005414078803372014 0.0047532712016254662
leaf_weight=254 132 77 150 127 50 155 76 53 183 129 178 126 131 77 130 1652 77 155 207 153 205 76 75 80 129 127 102 125 129 80
leaf_count=254 132 77 150 127 50 155 76 53 183 129 178 126 131 77 130 1652 77 155 207 153 205 76 75 80 129 127 102 125 129 80
internal_value=-5.3456e-11 -0.00756441 0.00367914 -0.00515551 -0.0144696 0.000542709 0.0053977 -0.00718579 -0.00336991 -0.000627766 0.00182775 -0.0063354 0.00394008 -0.010912 -0.0041389 0.00578231 -0.00861178 -0.00255314 -0.00125713 0.00237263 1.1016e-05 -0.0105431 -0.00822438 -0.00580318 0.00352844 0.00118819 -0.00378556 -0.00695134 0.00523775 0.0044844
internal_weight=5400 1767 3633 1310 457 1286 2347 613 697 673 613 384 490 203 359 1857 229 338 339 331 334 153 152 206 279 282 232 178 205 211
internal_count=5400 1767 3633 1310 457 1286 2347 613 697 673 613 384 490 203 359 1857 229 338 339 331 334 153 152 206 279 282 232 178 205 211
is_linear=0
shrinkage=0.05


Tree=16
num_leaves=31
num_cat=0
split_feature=0 0 0 0 0 0 0 0 0 0 0 0 0 0 0 0 0 0 0 0 0 0 0 0 0 0 0 0 0 0
split_gain=54.2565 10.0157 7.79697 1.92222 1.08208 0.736619 0.574003 0.280742 0.233438 0.111654 0.0765874 0.0528421 0.0362618 0.0321971 0.0254488 0.0253261 0.0246794 0.0142733 0.013736 0.0115377 0.0114557 0.00844667 0.00826959 0.00816972 0.00718832 0.00633927 0.00628699 0.00360665 0.00330068 0.00324767
threshold=76.040000000000006 62.675000000000004 83.990000000000023 70.000000000000014 1.0000000180025095e-35 80.240000000000023 87.290000000000006 66.425000000000011 73.095000000000013 78.095000000000013 82.290000000000006 85.595000000000013 74.820000000000007 68.095000000000013 71.845000000000013 65.175000000000011 88.095000000000013 79.345000000000013 60.205000000000005 77.050000000000011 81.040000000000006 63.925000000000004 86.490000000000023 83.095000000000013 73.990000000000023 84.790000000000006 68.750000000000014 70.595000000000013 88.780000000000015 61.425000000000004
decision_type=2 2 2 2 2 2 2 2 2 2 2 2 2 2 2 2 2 2 2 2 2 2 2 2 2 2 2 2 2 2
left_child=1 4 5 7 -1 9 11 15 14 19 20 25 24 -9 27 21 -8 -11 -6 -2 -7 -3 -13 -12 -10 -4 -15 -5 -18 -20
right_child=2 3 6 8 18 10 16 13 12 17 23 22 -14 26 -16 -17 28 -19 29 -21 -22 -23 -24 -25 -26 -27 -28 -29 -30 -31
leaf_value=-0.016447217762470247 -0.0017478058367724652 -0.0096507218911459566 0.0028750063837147677 -0.0055081870406866081 -0.011845018714666367 0.00066622023805393846 0.0048204485239006405 -0.0072513959603384137 -0.0035949457495007666 -0.00048700408996620146 0.0018637989278114033 0.0038622575889157643 -0.0024034653733063013 -0.0066101167095850601 -0.0042168517410755158 -0.0081649775241876589 0.0052708891459873749 0.00014802603074311668 -0.011032392829656602 -0.0011612374619762232 0.0012690862645281524 -0.008907691873126216 0.00439919542069688 0.0024082877305581386 -0.0030700497665351496 0.0033747231046999658 -0.0060302790770163902 -0.0050005034391963207 0.0055601392530477967 -0.01037648811742857
leaf_weight=254 184 76 130 48 25 128 127 128 128 208 126 157 179 73 130 77 105 154 25 154 205 77 132 152 133 124 130 129 1625 77
leaf_count=254 184 76 130 48 25 128 127 128 128 208 126 157 179 73 130 77 105 154 25 154 205 77 132 152 133 124 130 129 1625 77
internal_value=4.26767e-11 -0.00742899 0.00338118 -0.00535095 -0.014563 0.000280251 0.00507506 -0.00756275 -0.00368988 -0.00082704 0.00154883 0.00364509 -0.00295157 -0.00663037 -0.00474804 -0.00890457 0.0054932 -0.000216853 -0.0107947 -0.00148055 0.00103735 -0.00927678 0.0041075 0.00216151 -0.00332747 0.00311896 -0.00623879 -0.00513818 0.00554258 -0.0105372
internal_weight=5400 1689 3711 1308 381 1311 2400 561 747 700 611 543 440 331 307 230 1857 362 127 338 333 153 289 278 261 254 203 177 1730 102
internal_count=5400 1689 3711 1308 381 1311 2400 561 747 700 611 543 440 331 307 230 1857 362 127 338 333 153 289 278 261 254 203 177 1730 102
is_linear=0
shrinkage=0.05


Tree=17
num_leaves=31
num_cat=0
split_feature=0 0 0 0 0 0 0 0 0 0 0 0 0 0 0 0 0 0 0 0 0 0 0 0 0 0 0 0 0 0
split_gain=48.9689 9.5748 6.37964 1.54788 1.50607 0.629933 0.428474 0.243088 0.142454 0.0885363 0.0694064 0.0419689 0.0408848 0.027537 0.0268123 0.0218935 0.0165015 0.0148708 0.0113081 0.010471 0.00920371 0.00845215 0.00727299 0.00676778 0.00657925 0.00636704 0.00485326 0.0041323 0.00359182 0.00297987
threshold=76.490000000000023 63.925000000000004 84.345000000000013 71.250000000000014 1.0000000180025095e-35 80.240000000000023 87.530000000000015 67.500000000000014 74.345000000000013 82.290000000000006 78.300000000000011 86.040000000000006 69.345000000000013 61.425000000000004 72.500000000000014 65.175000000000011 88.540000000000006 75.595000000000013 83.540000000000006 81.280000000000015 77.290000000000006 79.345000000000013 62.675000000000004 66.425000000000011 70.000000000000014 85.240000000000023 73.570000000000007 86.845000000000013 68.750000000000014 60.205000000000005
decision_type=2 2 2 2 2 2 2 2 2 2 2 2 2 2 2 2 2 2 2 2 2 2 2 2 2 2 2 2 2 2
left_child=1 4 5 7 -1 10 11 15 14 19 20 25 28 29 -5 -3 -8 -10 -11 -7 -2 -12 -15 -17 -14 -4 -16 -13 -9 -6
right_child=2 3 6 8 13 9 16 12 17 18 21 27 24 22 26 23 -18 -19 -20 -21 -22 -23 -24 -25 -26 -27 -28 -29 -30 -31
leaf_value=-0.015624856948852539 -0.001495579250551986 -0.0084623065958549445 0.002961854028205077 -0.0043191808033881222 -0.011252767592668534 0.00068137523401650335 0.0047742121254598629 -0.006416477608893599 -0.002610109504210493 0.0019096231562834159 -0.00038238133033437118 0.0039004166617648294 -0.0055995651449148474 -0.0098576632122714808 -0.0036180187360598491 -0.0077567289208436948 0.0052796229776491121 -0.001944523005475921 0.002510605573536843 0.0012439806780053511 -0.00094654768041607749 0.00014062473472387698 -0.0091681857838442453 -0.0070894018113613127 -0.0050170066766440872 0.0034409257301757502 -0.003157275674097678 0.0043203218576480761 -0.0059225648641586309 -0.010480773448944092
leaf_weight=254 132 77 150 127 25 153 179 126 183 204 155 131 78 77 130 77 1652 155 127 180 181 154 76 75 128 129 102 106 52 25
leaf_count=254 132 77 150 127 25 153 179 126 183 204 155 131 78 77 130 77 1652 155 127 180 181 154 76 75 128 129 102 106 52 25
internal_value=8.72358e-11 -0.00682728 0.00332062 -0.00465339 -0.0130588 0.000490064 0.00487158 -0.00648607 -0.00304157 0.00156111 -0.000653303 0.00359897 -0.00571717 -0.00984808 -0.00373515 -0.00777542 0.00523021 -0.00230488 0.00214021 0.000985486 -0.00117809 -0.000121725 -0.00951518 -0.00742746 -0.00523759 0.00318336 -0.00341545 0.00408822 -0.00627219 -0.0108668
internal_weight=5400 1767 3633 1310 457 1286 2347 613 697 664 622 516 384 203 359 229 1831 338 331 333 313 309 153 152 206 279 232 237 178 50
internal_count=5400 1767 3633 1310 457 1286 2347 613 697 664 622 516 384 203 359 229 1831 338 331 333 313 309 153 152 206 279 232 237 178 50
is_linear=0
shrinkage=0.05


Tree=18
num_leaves=31
num_cat=0
split_feature=0 0 0 0 0 0 0 0 0 0 0 0 0 0 0 0 0 0 0 0 0 0 0 0 0 0 0 0 0 0
split_gain=44.1954 8.15721 6.35056 1.56518 0.88136 0.600529 0.467564 0.228666 0.190306 0.0784598 0.0728118 0.0375566 0.0298068 0.0272752 0.0265913 0.0209536 0.0206283 0.0130328 0.011188 0.00949671 0.00915063 0.00745637 0.00687986 0.00571323 0.00527123 0.0051746 0.00498774 0.00307857 0.00264525 0.00258576
threshold=76.040000000000006 62.675000000000004 83.990000000000023 70.000000000000014 1.0000000180025095e-35 80.030000000000015 87.050000000000011 66.425000000000011 73.095000000000013 82.050000000000011 78.095000000000013 85.595000000000013 74.820000000000007 88.095000000000013 68.095000000000013 71.845000000000013 65.175000000000011 81.040000000000006 60.205000000000005 76.845000000000013 83.095000000000013 78.990000000000023 63.925000000000004 73.990000000000023 84.790000000000006 86.280000000000015 68.750000000000014 70.595000000000013 61.425000000000004 88.780000000000015
decision_type=2 2 2 2 2 2 2 2 2 2 2 2 2 2 2 2 2 2 2 2 2 2 2 2 2 2 2 2 2 2
left_child=1 4 5 7 -1 10 11 16 15 17 19 24 23 -8 -9 27 22 -7 -6 -2 -11 -12 -3 -10 -4 -13 -16 -5 -20 -15
right_child=2 3 6 8 18 9 13 14 12 20 21 25 -14 29 26 -17 -18 -19 28 -21 -22 -23 -24 -25 -26 -27 -28 -29 -30 -31
leaf_value=-0.014843614399433137 -0.001672203870346913 -0.0087097761466314923 0.002592361936202416 -0.0049819272011518484 -0.010690129548311235 0.00051116725869683759 0.0043061295852941626 -0.0065482881327625364 -0.0032432963926112279 0.0016282138630550431 -0.00051959405163637341 0.0033951997863394877 -0.0021671022574661831 0.0047621361095280881 -0.005958786953801979 -0.003804073408246041 -0.0073688919281030638 0.0011128489393740892 -0.0099567346274852756 -0.0011274357160660797 0.0021777630783617499 -2.9147139318777225e-05 -0.0080391918490459388 -0.0027753453337608426 0.0030480423521610997 0.0038480590321595155 -0.0054423266419997588 -0.0045128810659859535 -0.0093647804836948199 0.0050181512378729316
leaf_weight=254 130 76 130 48 25 180 153 128 128 151 156 105 179 105 73 130 77 180 25 208 152 154 77 133 124 158 130 129 77 1625
leaf_count=254 130 76 130 48 25 180 153 128 128 151 156 105 179 105 73 130 77 180 25 208 152 154 77 133 124 158 130 129 77 1625
internal_value=6.55133e-11 -0.0067049 0.00305162 -0.00482954 -0.0131431 0.000253062 0.00458034 -0.00682538 -0.00333065 0.00131102 -0.00082938 0.00324846 -0.00266403 0.00494602 -0.00598391 -0.00428607 -0.00803637 0.000812008 -0.0097422 -0.00133696 0.0019039 -0.000275953 -0.00837229 -0.00300484 0.00281482 0.00366726 -0.00562805 -0.00464008 -0.00950987 0.00500261
internal_weight=5400 1689 3711 1308 381 1311 2400 561 747 663 648 517 440 1883 331 307 230 360 127 338 303 310 153 261 254 263 203 177 102 1730
internal_count=5400 1689 3711 1308 381 1311 2400 561 747 663 648 517 440 1883 331 307 230 360 127 338 303 310 153 261 254 263 203 177 102 1730
is_linear=0
shrinkage=0.05


Tree=19
num_leaves=31
num_cat=0
split_feature=0 0 0 0 0 0 0 0 0 0 0 0 0 0 0 0 0 0 0 0 0 0 0 0 0 0 0 0 0 0
split_gain=39.8876 7.7983 5.19671 1.26166 1.2267 0.514347 0.349183 0.198762 0.116079 0.0720428 0.0567866 0.0341085 0.0332066 0.0224291 0.0219597 0.017657 0.0133553 0.0123434 0.0107539 0.00970398 0.00850881 0.0059239 0.00534287 0.00522266 0.00519955 0.00435049 0.00392912 0.00343798 0.00273502 0.00242713
threshold=76.490000000000023 63.925000000000004 84.345000000000013 71.250000000000014 1.0000000180025095e-35 80.595000000000013 87.530000000000015 67.500000000000014 74.345000000000013 78.540000000000006 82.740000000000023 86.040000000000006 69.345000000000013 61.425000000000004 72.500000000000014 65.175000000000011 88.540000000000006 75.595000000000013 81.490000000000023 77.740000000000023 79.550000000000011 62.675000000000004 66.425000000000011 70.595000000000013 85.240000000000023 83.540000000000006 73.570000000000007 86.845000000000013 68.750000000000014 60.205000000000005
decision_type=2 2 2 2 2 2 2 2 2 2 2 2 2 2 2 2 2 2 2 2 2 2 2 2 2 2 2 2 2 2
left_child=1 4 5 7 -1 9 11 15 14 19 18 24 28 29 -5 -3 -8 -10 -7 -2 -11 -15 -17 -14 -4 -12 -16 -13 -9 -6
right_child=2 3 6 8 13 10 16 12 17 20 25 27 23 21 26 22 -18 -19 -20 -21 -22 -23 -24 -25 -26 -27 -28 -29 -30 -31
leaf_value=-0.014101433753967286 -0.0012365553750874894 -0.0076372322807838388 0.002673055140922467 -0.0038993440773778076 -0.01015562266111374 0.00077022490482176516 0.0043102596662730475 -0.0057853163293902846 -0.0023577878027747239 -0.00022154011960962667 0.0018544863647548483 0.003517659693842626 -0.0049276079450334825 -0.008896541295500545 -0.0032637375192000316 -0.0070004473065401057 0.0047649434289599593 -0.0017513939990631998 0.0013232951589259023 -0.00068638145529593411 0.00028524083272235372 -0.0082742874755671152 -0.0064075179696083066 -0.0044110497832298276 0.0031059819295309312 0.0022675361352290694 -0.0028491751710866013 0.0039006672588721759 -0.0053543202579021459 -0.0094588980078697208
leaf_weight=254 209 77 150 127 25 155 179 126 183 182 128 131 126 77 130 77 1652 155 203 130 152 76 75 80 129 127 102 106 52 25
leaf_count=254 209 77 150 127 25 155 179 126 183 182 128 131 126 77 130 77 1652 155 203 130 152 76 75 80 129 127 102 106 52 25
internal_value=3.86343e-11 -0.00616178 0.00299694 -0.00419989 -0.0117856 0.000442249 0.00439674 -0.00585449 -0.00274471 -0.000512085 0.00148999 0.0032479 -0.00515921 -0.00888789 -0.0033708 -0.00702037 0.00472049 -0.00207971 0.00108384 -0.00102557 9.09073e-06 -0.00858745 -0.00670788 -0.004727 0.00287323 0.0020602 -0.00308147 0.00368896 -0.00565941 -0.00980726
internal_weight=5400 1767 3633 1310 457 1286 2347 613 697 673 613 516 384 203 359 229 1831 338 358 339 334 153 152 206 279 255 232 237 178 50
internal_count=5400 1767 3633 1310 457 1286 2347 613 697 673 613 516 384 203 359 229 1831 338 358 339 334 153 152 206 279 255 232 237 178 50
is_linear=0
shrinkage=0.05


Tree=20
num_leaves=31
num_cat=0
split_feature=0 0 0 0 0 0 0 0 0 0 0 0 0 0 0 0 0 0 0 0 0 0 0 0 0 0 0 0 0 0
split_gain=36.0006 6.7592 5.02082 1.1071 1.03625 0.524954 0.315138 0.132733 0.130599 0.0669177 0.0653476 0.030783 0.0202423 0.0200365 0.0173302 0.0159354 0.0143117 0.0120532 0.00948485 0.00832735 0.00773194 0.00672728 0.00534632 0.00482194 0.00469259 0.00462741 0.00316042 0.00310278 0.00257885 0.00226258
threshold=76.280000000000015 63.925000000000004 84.345000000000013 1.0000000180025095e-35 70.595000000000013 80.240000000000023 87.530000000000015 73.570000000000007 67.500000000000014 78.095000000000013 82.290000000000006 86.040000000000006 61.425000000000004 71.845000000000013 75.240000000000023 65.175000000000011 68.750000000000014 88.540000000000006 78.990000000000023 83.095000000000013 81.490000000000023 77.290000000000006 62.675000000000004 66.425000000000011 85.240000000000023 72.500000000000014 74.345000000000013 86.845000000000013 70.000000000000014 87.740000000000023
decision_type=2 2 2 2 2 2 2 2 2 2 2 2 2 2 2 2 2 2 2 2 2 2 2 2 2 2 2 2 2 2
left_child=1 3 5 -1 8 9 11 13 15 21 20 24 -5 -6 26 -3 -10 29 -11 -12 -7 -2 -14 -17 -4 -15 -9 -13 -18 -8
right_child=2 4 6 12 7 10 17 14 16 18 19 27 22 25 -16 23 28 -19 -20 -21 -22 -23 -24 -25 -26 -27 -28 -29 -30 -31
leaf_value=-0.013396361470222475 -0.0013661084256024773 -0.0072553706536819407 0.0025394023420910045 -0.0093168973922729496 -0.0040764028654080029 0.00065568139193380635 0.003809214383363724 -0.0027067164397414998 -0.005496050517946955 -0.00047076733227675925 0.0015170128217765265 0.0033417767411424919 -0.0084517140667159842 -0.0035876882572968803 -0.0018108329322460471 -0.0066504249905611022 -0.0049152957418790236 0.0045266962132121261 4.6057691897923418e-05 0.0020335186927056895 0.0011517031785599359 -0.0008951384359534132 -0.0078605731262972479 -0.0060871418863534931 0.0029506827726267105 -0.0031005505443765569 -0.0023367604044707197 0.0037056338744905757 -0.0044864505529403692 0.0042054181008837951
leaf_weight=254 186 77 150 50 129 206 50 102 126 156 126 131 77 78 151 77 130 1652 206 205 127 128 76 75 129 130 133 106 48 129
leaf_count=254 186 77 150 50 129 206 50 102 126 156 126 131 77 78 151 77 130 1652 206 205 127 128 76 75 129 130 133 106 48 129
internal_value=5.68266e-11 -0.00598944 0.00278272 -0.0111963 -0.0040949 0.00034084 0.0041769 -0.00286179 -0.00576758 -0.000639979 0.00133938 0.0030855 -0.0084435 -0.00358685 -0.00222878 -0.00666935 -0.00508829 0.00448447 -0.000176662 0.0018369 0.000844855 -0.00117412 -0.00815808 -0.00637249 0.00272956 -0.00328323 -0.00249734 0.00350451 -0.00479965 0.00409475
internal_weight=5400 1713 3687 457 1256 1340 2347 723 533 676 664 516 203 337 386 229 304 1831 362 331 333 314 153 152 279 208 235 237 178 179
internal_count=5400 1713 3687 457 1256 1340 2347 723 533 676 664 516 203 337 386 229 304 1831 362 331 333 314 153 152 279 208 235 237 178 179
is_linear=0
shrinkage=0.05


Tree=21
num_leaves=31
num_cat=0
split_feature=0 0 0 0 0 0 0 0 0 0 0 0 0 0 0 0 0 0 0 0 0 0 0 0 0 0 0 0 0 0
split_gain=32.4919 6.35107 4.23185 1.02814 0.999156 0.419453 0.284412 0.161664 0.0941064 0.0585744 0.0463796 0.0277816 0.0272046 0.0182686 0.0177126 0.0143817 0.010878 0.0102317 0.00792778 0.00708326 0.00633415 0.00571363 0.00482505 0.00435181 0.00423506 0.00419822 0.00320029 0.00280025 0.00241043 0.00219049
threshold=76.490000000000023 63.925000000000004 84.345000000000013 71.250000000000014 1.0000000180025095e-35 80.595000000000013 87.530000000000015 67.500000000000014 74.345000000000013 78.540000000000006 82.530000000000015 86.040000000000006 69.345000000000013 61.425000000000004 72.500000000000014 65.175000000000011 88.540000000000006 75.240000000000023 77.530000000000015 79.790000000000006 83.540000000000006 81.490000000000023 62.675000000000004 66.425000000000011 85.240000000000023 70.000000000000014 73.570000000000007 86.845000000000013 68.095000000000013 60.205000000000005
decision_type=2 2 2 2 2 2 2 2 2 2 2 2 2 2 2 2 2 2 2 2 2 2 2 2 2 2 2 2 2 2
left_child=1 4 5 7 -1 9 11 15 14 18 21 24 28 29 -5 -3 -8 -10 -2 -11 -12 -7 -15 -17 -4 -14 -16 -13 -9 -6
right_child=2 3 6 8 13 10 16 12 17 19 20 27 25 22 26 23 -18 -19 -20 -21 -22 -23 -24 -25 -26 -27 -28 -29 -30 -31
leaf_value=-0.012726543843746186 -0.0011841094416059272 -0.0068926018844177196 0.0024124322508772217 -0.0035155647001632556 -0.0091819971799850467 0.00069892958467525823 0.0038900093659342337 -0.0053926862776279456 -0.0022199224484594246 -0.00017617394648778811 0.0015902596578169408 0.0031746879717662138 -0.0045553256685917191 -0.0080291283111293601 -0.0029455230356409002 -0.0063179040884042727 0.0043003613582516843 -0.0016568037295123428 -0.00069940416939885913 0.00029607730165410502 0.00205248332193752 0.0011296443379441507 -0.0074675445689966801 -0.005782784551382065 0.0028031486108206043 -0.0040899713989347225 -0.0025713806460593261 0.0035203520911482144 -0.0049903080731630335 -0.0085201077163219452
leaf_weight=254 158 77 150 127 25 155 179 53 133 204 178 131 78 77 130 77 1652 205 181 130 127 153 76 75 129 128 102 106 125 25
leaf_count=254 158 77 150 127 25 155 179 53 133 204 178 131 78 77 130 77 1652 205 181 130 127 153 76 75 129 128 102 106 125 25
internal_value=8.30133e-12 -0.00556129 0.00270487 -0.00379078 -0.0106365 0.00039951 0.00396805 -0.00528442 -0.00247714 -0.000462304 0.00134568 0.00293123 -0.00465738 -0.00802132 -0.00304088 -0.00633589 0.00426025 -0.00187839 -0.000925314 7.63642e-06 0.00178273 0.000912889 -0.00775017 -0.00605386 0.00259309 -0.00426617 -0.00278103 0.00332929 -0.00511012 -0.00885105
internal_weight=5400 1767 3633 1310 457 1286 2347 613 697 673 613 516 384 203 359 229 1831 338 339 334 305 308 153 152 279 206 232 237 178 50
internal_count=5400 1767 3633 1310 457 1286 2347 613 697 673 613 516 384 203 359 229 1831 338 339 334 305 308 153 152 279 206 232 237 178 50
is_linear=0
shrinkage=0.05


Tree=22
num_leaves=31
num_cat=0
split_feature=0 0 0 0 0 0 0 0 0 0 0 0 0 0 0 0 0 0 0 0 0 0 0 0 0 0 0 0 0 0
split_gain=29.3274 5.41026 4.21341 1.03821 0.584712 0.398527 0.309875 0.151471 0.126253 0.0587012 0.0423087 0.0286393 0.0199104 0.0180504 0.0140515 0.0140298 0.0136852 0.00929671 0.00772768 0.00673255 0.00579392 0.00576548 0.00456426 0.00410206 0.00360258 0.00328065 0.00260693 0.00200623 0.00179465 0.00176908
threshold=76.040000000000006 62.675000000000004 83.990000000000023 70.000000000000014 1.0000000180025095e-35 79.790000000000006 87.290000000000006 66.425000000000011 73.095000000000013 81.845000000000013 77.740000000000023 85.800000000000011 74.820000000000007 68.095000000000013 88.095000000000013 71.845000000000013 65.175000000000011 82.740000000000023 60.205000000000005 80.800000000000011 78.780000000000015 84.790000000000006 63.925000000000004 76.845000000000013 73.990000000000023 69.345000000000013 86.490000000000023 70.800000000000011 75.595000000000013 83.540000000000006
decision_type=2 2 2 2 2 2 2 2 2 2 2 2 2 2 2 2 2 2 2 2 2 2 2 2 2 2 2 2 2 2
left_child=1 4 5 7 -1 10 11 16 15 19 23 21 24 -9 -8 27 22 -11 -6 -7 -12 -4 -3 -2 -10 -15 -13 -5 -14 -19
right_child=2 3 6 8 18 9 14 13 12 17 20 26 28 25 -16 -17 -18 29 -20 -21 -22 -23 -24 -25 -26 -27 -28 -29 -30 -31
leaf_value=-0.012090216577053071 -0.0013655238741865526 -0.0070941676630785593 0.0021074153053072787 -0.0039276968208279937 -0.0087228968739509593 0.00035085282410695658 0.0035306624481527826 -0.0053401964163640519 -0.0026387374789919706 0.0011874363806050319 -0.0005537986007308767 0.0029068099985004596 -0.0019022555437450317 -0.004740792816877365 0.0040755561724132887 -0.0030975954979658125 -0.0060020087843204476 0.0015906611137324945 -0.0077419930375089837 0.00080140811677267354 -0.00013622110420948561 0.0025470045975276405 -0.0065479715536167094 -0.0009857804994958981 -0.0022671456595784742 -0.0043275591845695792 0.0032397632007346009 -0.0035876184505851645 -0.0015824834634731344 0.0018977742944214797
leaf_weight=254 130 76 130 101 25 181 127 128 128 154 155 106 102 125 1730 130 77 128 102 153 179 175 77 157 133 78 132 76 77 74
leaf_count=254 130 76 130 101 25 181 127 128 128 154 155 106 102 125 1730 130 77 128 102 153 179 175 77 157 133 78 132 76 77 74
internal_value=-7.3312e-12 -0.00546186 0.00248588 -0.00393457 -0.0107052 0.000206344 0.00373107 -0.00556007 -0.00271381 0.00103337 -0.000712573 0.00268041 -0.00217084 -0.00487521 0.00403829 -0.003492 -0.00654567 0.00148007 -0.00793508 0.000557245 -0.000330007 0.00235964 -0.00681928 -0.00115779 -0.00244938 -0.00458201 0.00309147 -0.00378167 -0.0017647 0.00170317
internal_weight=5400 1689 3711 1308 381 1311 2400 561 747 690 621 543 440 331 1857 307 230 356 127 334 334 305 153 287 261 203 238 177 179 202
internal_count=5400 1689 3711 1308 381 1311 2400 561 747 690 621 543 440 331 1857 307 230 356 127 334 334 305 153 287 261 203 238 177 179 202
is_linear=0
shrinkage=0.05


Tree=23
num_leaves=31
num_cat=0
split_feature=0 0 0 0 0 0 0 0 0 0 0 0 0 0 0 0 0 0 0 0 0 0 0 0 0 0 0 0 0 0
split_gain=26.468 4.88276 3.8026 0.936985 0.527703 0.359817 0.279886 0.136702 0.113943 0.0471694 0.04365 0.0259269 0.0180573 0.0162905 0.0159252 0.0126619 0.0123509 0.0079695 0.00697423 0.00581799 0.00548348 0.00458699 0.00411923 0.00301893 0.00286789 0.00266969 0.00240432 0.00190139 0.00170602 0.00165663
threshold=76.040000000000006 62.675000000000004 83.990000000000023 70.000000000000014 1.0000000180025095e-35 80.030000000000015 86.845000000000013 66.425000000000011 73.095000000000013 82.050000000000011 78.095000000000013 88.095000000000013 74.550000000000011 68.095000000000013 85.240000000000023 71.845000000000013 65.175000000000011 81.040000000000006 60.205000000000005 76.845000000000013 83.095000000000013 78.990000000000023 63.925000000000004 68.750000000000014 86.040000000000006 73.570000000000007 75.240000000000023 70.595000000000013 67.500000000000014 88.990000000000023
decision_type=2 2 2 2 2 2 2 2 2 2 2 2 2 2 2 2 2 2 2 2 2 2 2 2 2 2 2 2 2 2
left_child=1 4 5 7 -1 10 14 16 15 17 19 -8 25 28 -4 27 22 -7 -6 -2 -11 -12 -3 -15 -16 -10 -14 -5 -9 -13
right_child=2 3 6 8 18 9 11 13 12 20 21 29 26 23 24 -17 -18 -19 -20 -21 -22 -23 -24 -25 -26 -27 -28 -29 -30 -31
leaf_value=-0.011485706269741059 -0.0012972476476660142 -0.0067394589319040897 0.0021082445878186839 -0.0038612443953752519 -0.0082867518067359924 0.00039277810499899917 0.003279669404677723 -0.0052266355901956565 -0.0026016742564164679 0.0012612352431412566 -0.00040444149740207467 0.0037174457306914689 -0.0019374956836617444 -0.004610224042649139 0.0025318755313407547 -0.0029427157342433933 -0.0057019083385730718 0.00086328322869829019 -0.0073548934696351783 -0.00087085309048863838 0.0016866468040174561 -1.9768002942788822e-05 -0.0062205732981492953 -0.0042084225037923228 0.0028640047796354949 -0.0022434139743638345 -0.0015861905891242931 -0.0034926266171211419 -0.0048560418188571932 0.0038872901350259781
leaf_weight=254 130 76 203 48 25 180 207 75 78 151 156 158 79 73 129 130 77 180 102 208 152 154 77 130 131 156 127 129 53 1572
leaf_count=254 130 76 203 48 25 180 207 75 78 151 156 158 79 73 129 130 77 180 102 208 152 154 77 130 131 156 127 129 53 1572
internal_value=-3.70686e-11 -0.00518877 0.00236158 -0.00373784 -0.0101699 0.000196027 0.00354452 -0.00528207 -0.00257812 0.00101494 -0.000641847 0.0038085 -0.0020623 -0.00463145 0.00244011 -0.0033174 -0.00621839 0.000628031 -0.00753833 -0.00103485 0.00147464 -0.000213346 -0.00647832 -0.00435291 0.00269922 -0.00236283 -0.00172091 -0.00359259 -0.00507319 0.00387178
internal_weight=5400 1689 3711 1308 381 1311 2400 561 747 663 648 1937 440 331 463 307 230 360 127 338 303 310 153 203 260 234 206 177 128 1730
internal_count=5400 1689 3711 1308 381 1311 2400 561 747 663 648 1937 440 331 463 307 230 360 127 338 303 310 153 203 260 234 206 177 128 1730
is_linear=0
shrinkage=0.05


Tree=24
num_leaves=31
num_cat=0
split_feature=0 0 0 0 0 0 0 0 0 0 0 0 0 0 0 0 0 0 0 0 0 0 0 0 0 0 0 0 0 0
split_gain=23.8874 4.40669 3.43185 0.845629 0.476252 0.325208 0.252859 0.123374 0.103163 0.0491523 0.0338218 0.0234196 0.0223608 0.0147021 0.0112724 0.0111467 0.00658186 0.00651531 0.00620829 0.00543641 0.00510776 0.00400815 0.00373152 0.00371762 0.00369841 0.00312566 0.00278645 0.00222623 0.00153968 0.00149511
threshold=76.040000000000006 62.675000000000004 83.990000000000023 70.000000000000014 1.0000000180025095e-35 80.240000000000023 87.290000000000006 66.425000000000011 72.500000000000014 78.095000000000013 82.290000000000006 85.595000000000013 74.345000000000013 68.095000000000013 88.095000000000013 65.175000000000011 79.345000000000013 61.425000000000004 71.250000000000014 77.290000000000006 81.490000000000023 75.240000000000023 86.490000000000023 63.925000000000004 83.095000000000013 84.790000000000006 69.345000000000013 73.570000000000007 67.500000000000014 88.990000000000023
decision_type=2 2 2 2 2 2 2 2 2 2 2 2 2 2 2 2 2 2 2 2 2 2 2 2 2 2 2 2 2 2
left_child=1 4 5 7 -1 9 11 15 18 19 20 25 27 28 -8 23 -11 -6 -5 -2 -7 -14 -13 -3 -12 -4 -15 -10 -9 -16
right_child=2 3 6 8 17 10 14 13 12 16 24 22 21 26 29 -17 -18 -19 -20 -21 -22 -23 -24 -25 -26 -27 -28 -29 -30 -31
leaf_value=-0.010911420732736588 -0.0011396620351643791 -0.0064024863078405983 0.0018966323438172159 -0.0035111317381961273 -0.0076058365404605872 0.00053547521865501715 0.0031901458820958774 -0.0049653038680553437 -0.0025202282862021377 -0.00032810625058258527 0.0012359675093893969 0.0025612965048213677 -0.0018996170883003932 -0.004281599333882332 0.0035315733662323111 -0.0054168129896188712 0.00010312134113932685 -0.0068728280048091688 -0.0030177089935681956 -0.00072626275905349766 0.00093862994273347187 -0.0015068810777812023 0.0029219788329845125 -0.0059095443407823521 0.0016023144591599703 0.0022475258897869817 -0.0039007601256553942 -0.0022081759119150688 -0.0046132396906614307 0.0036929257214069369
leaf_weight=254 210 76 130 128 50 206 127 75 130 208 126 157 133 125 158 77 154 77 127 128 127 127 132 77 152 124 78 102 53 1572
leaf_count=254 210 76 130 128 50 206 127 75 130 208 126 157 133 125 158 77 154 77 127 128 127 127 132 77 152 124 78 102 53 1572
internal_value=-1.20939e-11 -0.00492933 0.0022435 -0.00355095 -0.00966142 0.000186225 0.00336729 -0.00501796 -0.00244921 -0.000549509 0.00102913 0.0024182 -0.00202619 -0.00439988 0.00364481 -0.00590747 -0.000144656 -0.00716141 -0.00326539 -0.000983108 0.000689231 -0.00170778 0.00272604 -0.0061544 0.00143627 0.00206793 -0.00413527 -0.00238303 -0.00481953 0.00367819
internal_weight=5400 1689 3711 1308 381 1311 2400 561 747 700 611 543 492 331 1857 230 362 127 255 338 333 260 289 153 278 254 203 232 128 1730
internal_count=5400 1689 3711 1308 381 1311 2400 561 747 700 611 543 492 331 1857 230 362 127 255 338 333 260 289 153 278 254 203 232 128 1730
is_linear=0
shrinkage=0.05


Tree=25
num_leaves=31
num_cat=0
split_feature=0 0 0 0 0 0 0 0 0 0 0 0 0 0 0 0 0 0 0 0 0 0 0 0 0 0 0 0 0 0
split_gain=21.5607 4.21238 2.80824 0.682308 0.662861 0.278866 0.189658 0.107596 0.0623884 0.0387794 0.0306895 0.0227928 0.0179539 0.0127117 0.0119346 0.00944592 0.00683288 0.00554666 0.00527971 0.00457831 0.00305455 0.00289876 0.00287408 0.00285722 0.00279608 0.00254088 0.00243576 0.00200918 0.00161594 0.00142128
threshold=76.490000000000023 63.925000000000004 84.345000000000013 71.250000000000014 1.0000000180025095e-35 80.595000000000013 87.740000000000023 67.500000000000014 74.345000000000013 78.540000000000006 82.740000000000023 86.040000000000006 69.345000000000013 61.425000000000004 72.500000000000014 65.175000000000011 75.595000000000013 81.490000000000023 77.530000000000015 79.550000000000011 62.675000000000004 85.030000000000015 70.595000000000013 88.780000000000015 66.425000000000011 86.845000000000013 83.540000000000006 73.570000000000007 68.300000000000011 60.205000000000005
decision_type=2 2 2 2 2 2 2 2 2 2 2 2 2 2 2 2 2 2 2 2 2 2 2 2 2 2 2 2 2 2
left_child=1 4 5 7 -1 9 11 15 14 18 17 21 28 29 -5 -3 -10 -7 -2 -11 -15 -4 -14 -8 -17 -13 -12 -16 -9 -6
right_child=2 3 6 8 13 10 23 12 16 19 26 25 22 20 27 24 -18 -19 -20 -21 -22 -23 -24 -25 -26 -27 -28 -29 -30 -31
leaf_value=-0.010365849733352661 -0.00096522503284902526 -0.0056140673528243977 0.0018976548034697772 -0.0028668235606095927 -0.0074921227991580968 0.00057307389054086903 0.003281375975945057 -0.0042898829230695098 -0.0017375490419525919 -0.000164093250350561 0.0013621440724818968 0.0025855811710917315 -0.0036245426074379967 -0.006529186366053371 -0.0023942169890953948 -0.0051459724639917352 -0.0012863803690960332 0.00097027787883660491 -0.00056966995532259097 0.00020764596296143475 -0.006082361681680931 0.002233741708183089 -0.0032413448346778752 0.0035053949718291942 -0.0047170386016368868 0.0028842607202629253 0.001671209602844058 -0.0020977671532069939 -0.0039847817867994309 -0.0069589667022228246
leaf_weight=254 158 77 100 127 25 155 156 103 183 182 128 131 126 77 130 77 155 203 181 152 76 179 80 1625 75 156 127 102 75 25
leaf_count=254 158 77 100 127 25 155 156 103 183 182 128 131 126 77 130 77 155 203 181 152 76 179 80 1625 75 156 127 102 75 25
internal_value=-5.03227e-12 -0.00453022 0.00220338 -0.00308831 -0.00866348 0.000325406 0.00323239 -0.00430509 -0.00201817 -0.000377294 0.00109689 0.00243509 -0.00379353 -0.00653342 -0.00247718 -0.00516289 -0.00153065 0.000798304 -0.000754029 5.08148e-06 -0.00630723 0.00211328 -0.00347573 0.00348577 -0.00493433 0.00274793 0.00151607 -0.00226388 -0.00416133 -0.00722554
internal_weight=5400 1767 3633 1310 457 1286 2347 613 697 673 613 566 384 203 359 229 338 358 339 334 153 279 206 1781 152 287 255 232 178 50
internal_count=5400 1767 3633 1310 457 1286 2347 613 697 673 613 566 384 203 359 229 338 358 339 334 153 279 206 1781 152 287 255 232 178 50
is_linear=0
shrinkage=0.05


Tree=26
num_leaves=31
num_cat=0
split_feature=0 0 0 0 0 0 0 0 0 0 0 0 0 0 0 0 0 0 0 0 0 0 0 0 0 0 0 0 0 0
split_gain=19.4585 3.80167 2.53444 0.615783 0.598232 0.251676 0.171166 0.0971057 0.0563055 0.0349984 0.0277541 0.0205705 0.0162034 0.0114723 0.010771 0.00852495 0.00616668 0.00489302 0.00422527 0.00374858 0.00330907 0.00275673 0.00261613 0.00259386 0.00257864 0.00252346 0.00229315 0.00181328 0.00145839 0.0012827
threshold=76.490000000000023 63.925000000000004 84.345000000000013 71.250000000000014 1.0000000180025095e-35 80.595000000000013 87.740000000000023 67.500000000000014 74.345000000000013 78.540000000000006 82.530000000000015 86.040000000000006 69.345000000000013 61.425000000000004 72.500000000000014 65.175000000000011 75.595000000000013 77.740000000000023 79.345000000000013 83.540000000000006 81.490000000000023 62.675000000000004 85.030000000000015 70.595000000000013 88.780000000000015 66.425000000000011 86.845000000000013 73.570000000000007 68.300000000000011 60.205000000000005
decision_type=2 2 2 2 2 2 2 2 2 2 2 2 2 2 2 2 2 2 2 2 2 2 2 2 2 2 2 2 2 2
left_child=1 4 5 7 -1 9 11 15 14 17 20 22 28 29 -5 -3 -10 -2 -11 -12 -7 -15 -4 -14 -8 -17 -13 -16 -9 -6
right_child=2 3 6 8 13 10 24 12 16 18 19 26 23 21 27 25 -18 -19 -20 -21 -22 -23 -24 -25 -26 -27 -28 -29 -30 -31
leaf_value=-0.0098475575447082523 -0.00086614317394365255 -0.0053333641211320837 0.0018027720749378207 -0.0027234823992989196 -0.0071175165474414827 0.00054442019141729802 0.0031173071776254054 -0.0040753887224833944 -0.0016506715743838112 -0.00021935724635254738 0.0012320657417680442 0.0024563020493351779 -0.0034433154300564811 -0.0062027268837411692 -0.0022745060892059256 -0.0048886737411285375 -0.0012220613550274605 -0.0004754699476493093 0.00014589970095429882 0.0015876491964743362 0.00087220329803481601 -0.005778243510346664 0.0021220546049279211 -0.0030792775074951354 0.003330125278692979 -0.0044811867475509646 0.0027400476547578974 -0.0019928787195799399 -0.0037855424582958225 -0.0066110178828239444
leaf_weight=254 209 77 100 127 25 155 156 103 183 129 178 131 126 77 130 77 155 130 205 127 153 76 179 80 1625 75 156 102 75 25
leaf_count=254 209 77 100 127 25 155 156 103 183 129 178 131 126 77 130 77 155 130 205 127 153 76 179 80 1625 75 156 102 75 25
internal_value=1.23633e-11 -0.00430371 0.00209322 -0.00293389 -0.00823031 0.000309136 0.00307077 -0.00408983 -0.00191727 -0.000358429 0.00104204 0.00231334 -0.00360386 -0.00620675 -0.00235332 -0.00490474 -0.00145412 -0.000716327 4.82741e-06 0.00138013 0.000707248 -0.00599187 0.00200762 -0.00330194 0.00331148 -0.00468761 0.00261053 -0.00215069 -0.00395326 -0.00686427
internal_weight=5400 1767 3633 1310 457 1286 2347 613 697 673 613 566 384 203 359 229 338 339 334 305 308 153 279 206 1781 152 287 232 178 50
internal_count=5400 1767 3633 1310 457 1286 2347 613 697 673 613 566 384 203 359 229 338 339 334 305 308 153 279 206 1781 152 287 232 178 50
is_linear=0
shrinkage=0.05


Tree=27
num_leaves=31
num_cat=0
split_feature=0 0 0 0 0 0 0 0 0 0 0 0 0 0 0 0 0 0 0 0 0 0 0 0 0 0 0 0 0 0
split_gain=17.5624 3.29505 2.44869 0.539904 0.506028 0.256731 0.154477 0.064175 0.0637571 0.0326518 0.0319282 0.0185649 0.0103538 0.0100999 0.00860329 0.00769377 0.00720145 0.00475809 0.00416131 0.00385804 0.00341643 0.00248795 0.00240791 0.00234358 0.00227742 0.00206957 0.0016221 0.00137589 0.00122088 0.00115764
threshold=76.280000000000015 63.925000000000004 84.345000000000013 1.0000000180025095e-35 70.595000000000013 80.240000000000023 87.740000000000023 73.570000000000007 67.500000000000014 78.095000000000013 82.290000000000006 86.040000000000006 61.425000000000004 72.050000000000011 74.820000000000007 65.175000000000011 68.750000000000014 79.345000000000013 83.300000000000011 81.040000000000006 77.290000000000006 62.675000000000004 85.240000000000023 88.540000000000006 66.425000000000011 86.845000000000013 71.250000000000014 75.595000000000013 69.550000000000011 60.205000000000005
decision_type=2 2 2 2 2 2 2 2 2 2 2 2 2 2 2 2 2 2 2 2 2 2 2 2 2 2 2 2 2 2
left_child=1 3 5 -1 8 9 11 13 15 20 19 22 29 26 -9 -3 -10 -11 -12 -7 -2 -14 -4 -8 -17 -13 -6 -16 -18 -5
right_child=2 4 6 12 7 10 23 14 16 17 18 25 21 -15 27 24 28 -19 -20 -21 -22 -23 -24 -25 -26 -27 -28 -29 -30 -31
leaf_value=-0.0093551792204380046 -0.00095755357034904987 -0.0050666959206392241 0.0017710167144735654 -0.006761641055345536 -0.0029253136808983986 0.00037554098398686622 0.0029406578330568567 -0.0018073210075416201 -0.0038440539723350892 -0.00027996267207737013 0.0011199893994947498 0.002333487012914119 -0.005892590505929737 -0.0022081690195661324 -0.0014641123513380687 -0.0046442399357820487 -0.0034592454809518089 8.6684800870981158e-05 0.0014755743348764049 0.00072540040604951905 -0.00062192454424803145 -0.0054893316014816892 0.0020656295683841373 0.0031619375720439756 -0.0042571272999048235 0.0026030452611545724 -0.0026239138022802846 -0.0012037672517397026 -0.0031930131506021711 -0.0062804669141769409
leaf_weight=254 186 77 150 25 80 128 129 183 126 208 178 131 77 156 102 77 105 154 153 205 128 76 129 1652 75 156 101 101 73 25
leaf_count=254 186 77 150 25 80 128 129 183 126 208 178 131 77 156 102 77 105 154 153 205 128 76 129 1652 75 156 101 101 73 25
internal_value=1.02212e-11 -0.00418333 0.0019436 -0.00781879 -0.00286056 0.000238286 0.00291723 -0.00199886 -0.00402943 -0.000447624 0.000936592 0.00219767 -0.00589641 -0.00250301 -0.0015587 -0.0046595 -0.00355481 -0.000123986 0.00128435 0.00059092 -0.000820737 -0.00569228 0.00190724 0.00314591 -0.00445323 0.00248001 -0.00275713 -0.00133458 -0.00335006 -0.00652105
internal_weight=5400 1713 3687 457 1256 1340 2347 723 533 676 664 566 203 337 386 229 304 362 331 333 314 153 279 1781 152 287 181 203 178 50
internal_count=5400 1713 3687 457 1256 1340 2347 723 533 676 664 566 203 337 386 229 304 362 331 333 314 153 279 1781 152 287 181 203 178 50
is_linear=0
shrinkage=0.05


Tree=28
num_leaves=31
num_cat=0
split_feature=0 0 0 0 0 0 0 0 0 0 0 0 0 0 0 0 0 0 0 0 0 0 0 0 0 0 0 0 0 0
split_gain=15.8506 3.09615 2.06389 0.501315 0.487263 0.205038 0.139416 0.0790932 0.0460345 0.0286072 0.0229337 0.0167548 0.0132982 0.00934429 0.00883644 0.00694362 0.0050329 0.00407476 0.0039306 0.00347169 0.00224537 0.00219868 0.00212137 0.00210332 0.00205537 0.00186778 0.00174593 0.00140048 0.0012452 0.00104477
threshold=76.490000000000023 63.925000000000004 84.345000000000013 71.250000000000014 1.0000000180025095e-35 80.595000000000013 87.740000000000023 67.500000000000014 74.345000000000013 78.540000000000006 82.740000000000023 86.040000000000006 69.345000000000013 61.425000000000004 72.500000000000014 65.175000000000011 75.240000000000023 81.490000000000023 77.740000000000023 79.790000000000006 62.675000000000004 85.030000000000015 88.780000000000015 70.000000000000014 66.425000000000011 86.845000000000013 83.540000000000006 73.570000000000007 68.095000000000013 60.205000000000005
decision_type=2 2 2 2 2 2 2 2 2 2 2 2 2 2 2 2 2 2 2 2 2 2 2 2 2 2 2 2 2 2
left_child=1 4 5 7 -1 9 11 15 14 18 17 21 28 29 -5 -3 -10 -7 -2 -11 -15 -4 -8 -14 -17 -13 -12 -16 -9 -6
right_child=2 3 6 8 13 10 22 12 16 19 26 25 23 20 27 24 -18 -19 -20 -21 -22 -23 -24 -25 -26 -27 -28 -29 -30 -31
leaf_value=-0.0088874205946922313 -0.00078114101765721896 -0.0048133609066535908 0.0016240827087312939 -0.0024603682812156641 -0.0064235590398311615 0.00048961922466274235 0.0028124939101055648 -0.0037721116095781326 -0.0015515684227186037 -0.00012355694526181027 0.0011728226978448221 0.0022168126355373223 -0.0031836335045787008 -0.0055979610215146827 -0.0020503723220183299 -0.0044120280628467531 -0.0011566251021151136 0.0008300655993995408 -0.00043099060368079412 0.00020706161677550811 -0.0052148648782780298 0.0019167850564062263 0.0030055221146115894 -0.0028542483036289924 -0.0040442709177732471 0.0024728929313520592 0.0014344879866057024 -0.0018028687977907705 -0.0034829055756330492 -0.0059664439409971241
leaf_weight=254 209 77 100 127 25 155 156 53 133 204 128 131 78 77 130 77 205 203 130 130 76 179 1625 128 75 156 127 102 125 25
leaf_count=254 209 77 100 127 25 155 156 53 133 204 128 131 78 77 130 77 205 203 130 130 76 179 1625 128 75 156 127 102 125 25
internal_value=5.52973e-13 -0.00388428 0.00188922 -0.00264809 -0.00742785 0.000279254 0.00277137 -0.00369107 -0.00173081 -0.000323291 0.000940776 0.00208779 -0.00325248 -0.00560159 -0.00212509 -0.00442653 -0.00131203 0.000682666 -0.000646865 5.12693e-06 -0.00540766 0.00181187 0.00298861 -0.00297897 -0.00423057 0.00235601 0.00130314 -0.00194156 -0.00356902 -0.006195
internal_weight=5400 1767 3633 1310 457 1286 2347 613 697 673 613 566 384 203 359 229 338 358 339 334 153 279 1781 206 152 287 255 232 178 50
internal_count=5400 1767 3633 1310 457 1286 2347 613 697 673 613 566 384 203 359 229 338 358 339 334 153 279 1781 206 152 287 255 232 178 50
is_linear=0
shrinkage=0.05


Tree=29
num_leaves=31
num_cat=0
split_feature=0 0 0 0 0 0 0 0 0 0 0 0 0 0 0 0 0 0 0 0 0 0 0 0 0 0 0 0 0 0
split_gain=14.3069 2.58947 2.11891 0.484746 0.285149 0.183484 0.177627 0.0736086 0.0568489 0.0230457 0.0228648 0.014192 0.0116304 0.0113025 0.00900385 0.00667394 0.0039188 0.00357033 0.00327132 0.00299336 0.00292009 0.0027104 0.00222587 0.00180881 0.00166125 0.00149082 0.00141209 0.00126394 0.000925063 0.000924705
threshold=75.800000000000011 62.675000000000004 83.780000000000015 70.000000000000014 1.0000000180025095e-35 79.790000000000006 86.845000000000013 66.425000000000011 72.500000000000014 77.740000000000023 81.845000000000013 88.095000000000013 85.240000000000023 74.345000000000013 68.095000000000013 65.175000000000011 60.205000000000005 71.250000000000014 80.800000000000011 78.990000000000023 82.740000000000023 76.845000000000013 63.925000000000004 75.240000000000023 68.750000000000014 86.040000000000006 84.550000000000011 73.570000000000007 61.425000000000004 88.990000000000023
decision_type=2 2 2 2 2 2 2 2 2 2 2 2 2 2 2 2 2 2 2 2 2 2 2 2 2 2 2 2 2 2
left_child=1 4 5 7 -1 9 12 15 17 21 18 -8 26 27 -9 22 -6 -5 -7 -11 -12 -2 -3 -15 -16 -14 -4 -10 -18 -13
right_child=2 3 6 8 16 10 11 14 13 19 20 29 25 23 24 -17 28 -19 -20 -21 -22 -23 -24 -25 -26 -27 -28 -29 -30 -31
leaf_value=-0.0084430493414402018 -0.00097700135061337115 -0.0049541217520048747 0.0014160759898217083 -0.0027115359713207002 -0.006102380901575089 0.00024416262318652883 0.0024084663513489969 -0.0037350009632064031 -0.0019478536368562626 -0.00034830046869400479 0.00083210637593375796 0.0027312367824436743 0.0018665088903765349 -0.0014739900351242912 -0.0033903938144037166 -0.0041914264296556451 -0.0056681215763092043 -0.0023373498823347056 0.00055822792548223643 -3.9956537173881279e-05 0.0011405182326687318 -0.00068225508205782461 -0.0045726929972698168 -0.0011941081807747777 -0.0030923349668200203 0.0021059720243775211 0.0016588646566913447 -0.0017127253407356786 -0.005318063197584896 0.0028581304475665094
leaf_weight=254 155 76 154 128 25 181 207 128 130 207 154 158 129 133 73 77 25 127 153 127 153 157 77 102 130 131 98 102 77 1572
leaf_count=254 155 76 154 128 25 181 207 128 130 207 154 158 129 133 73 77 25 127 153 127 153 157 77 102 130 131 98 102 77 1572
internal_value=-1.07768e-11 -0.00385631 0.00171759 -0.00278146 -0.00747582 7.49993e-05 0.0025808 -0.00388402 -0.00192476 -0.000519693 0.000674331 0.00279973 0.00175255 -0.00159691 -0.00340659 -0.00457109 -0.00554137 -0.00252518 0.000388031 -0.000231056 0.00098581 -0.000828684 -0.00476216 -0.00135251 -0.00319952 0.00198716 0.00151049 -0.00184448 -0.00540386 0.00284654
internal_weight=5400 1664 3736 1283 381 1287 2449 561 722 646 641 1937 512 467 331 230 127 255 334 334 307 312 153 235 203 260 252 232 102 1730
internal_count=5400 1664 3736 1283 381 1287 2449 561 722 646 641 1937 512 467 331 230 127 255 334 334 307 312 153 235 203 260 252 232 102 1730
is_linear=0
shrinkage=0.05


Tree=30
num_leaves=31
num_cat=0
split_feature=0 0 0 0 0 0 0 0 0 0 0 0 0 0 0 0 0 0 0 0 0 0 0 0 0 0 0 0 0 0
split_gain=12.9119 2.337 1.91232 0.437483 0.257348 0.165594 0.160308 0.0664318 0.0513061 0.0207987 0.0206355 0.0128083 0.0104964 0.0102005 0.00812597 0.00602322 0.00353672 0.00322222 0.00295237 0.0027015 0.00263538 0.00244614 0.00200885 0.00163245 0.00149928 0.00134546 0.00127441 0.00115954 0.000888164 0.000834872
threshold=75.800000000000011 62.675000000000004 83.780000000000015 70.000000000000014 1.0000000180025095e-35 79.790000000000006 86.845000000000013 66.425000000000011 72.500000000000014 77.740000000000023 81.845000000000013 88.095000000000013 85.240000000000023 74.345000000000013 68.095000000000013 65.175000000000011 60.205000000000005 71.250000000000014 80.800000000000011 78.990000000000023 82.740000000000023 76.845000000000013 63.925000000000004 75.240000000000023 68.750000000000014 86.040000000000006 84.550000000000011 73.300000000000011 87.740000000000023 61.425000000000004
decision_type=2 2 2 2 2 2 2 2 2 2 2 2 2 2 2 2 2 2 2 2 2 2 2 2 2 2 2 2 2 2
left_child=1 4 5 7 -1 9 12 15 17 21 18 28 26 27 -9 22 -6 -5 -7 -11 -12 -2 -3 -15 -16 -14 -4 -10 -8 -18
right_child=2 3 6 8 16 10 11 14 13 19 20 -13 25 23 24 -17 29 -19 -20 -21 -22 -23 -24 -25 -26 -27 -28 -29 -30 -31
leaf_value=-0.0080208972096443183 -0.00092815126082108868 -0.0047064156516602174 0.0013452721910865665 -0.0025759590600500817 -0.0057972617447376255 0.00023195449107208223 0.0022288250139890576 -0.0035482508887071163 -0.0018773506784323349 -0.0003308854350406263 0.00079050108385211859 0.0027042141724700872 0.0017731834376274154 -0.0014002905493336066 -0.0032208741068431774 -0.0039818553810382819 -0.0053847156465053562 -0.0022204823865313232 0.00053031652179711005 -3.7958710552944884e-05 0.0010834923269701939 -0.00064814231939803644 -0.004344058148079105 -0.0011344027668968137 -0.002937718132654062 0.0020006733413302264 0.0015759214407251199 -0.0016523712653984395 0.0024691807106137277 -0.0050521597991903117
leaf_weight=254 155 76 154 128 25 181 156 128 103 207 154 1730 129 133 73 77 25 127 153 127 153 157 77 102 130 131 98 129 51 77
leaf_count=254 155 76 154 128 25 181 156 128 103 207 154 1730 129 133 73 77 25 127 153 127 153 157 77 102 130 131 98 129 51 77
internal_value=-4.15622e-11 -0.00366349 0.00163171 -0.00264239 -0.00710203 7.12493e-05 0.00245176 -0.00368981 -0.00182852 -0.000493709 0.000640614 0.00265974 0.00166492 -0.00151707 -0.00323626 -0.00434253 -0.0052643 -0.00239892 0.000368629 -0.000219503 0.00093652 -0.000787249 -0.00452405 -0.00128488 -0.00303954 0.0018878 0.00143497 -0.00175225 0.00228804 -0.00513367
internal_weight=5400 1664 3736 1283 381 1287 2449 561 722 646 641 1937 512 467 331 230 127 255 334 334 307 312 153 235 203 260 252 232 207 102
internal_count=5400 1664 3736 1283 381 1287 2449 561 722 646 641 1937 512 467 331 230 127 255 334 334 307 312 153 235 203 260 252 232 207 102
is_linear=0
shrinkage=0.05


Tree=31
num_leaves=31
num_cat=0
split_feature=0 0 0 0 0 0 0 0 0 0 0 0 0 0 0 0 0 0 0 0 0 0 0 0 0 0 0 0 0 0
split_gain=11.6536 2.1855 1.62462 0.358183 0.336516 0.151053 0.123543 0.0425964 0.0422528 0.02172 0.0166489 0.0116286 0.00703529 0.00686891 0.00572259 0.00548266 0.00499952 0.00460374 0.00312858 0.0025388 0.00235235 0.00187889 0.0017962 0.00165056 0.00149093 0.00141251 0.00103506 0.000921655 0.000903414 0.000768003
threshold=76.280000000000015 63.925000000000004 83.990000000000023 1.0000000180025095e-35 70.595000000000013 80.240000000000023 87.290000000000006 67.500000000000014 73.300000000000011 78.095000000000013 82.290000000000006 85.595000000000013 74.820000000000007 61.425000000000004 71.845000000000013 88.300000000000011 65.175000000000011 68.750000000000014 78.990000000000023 81.280000000000015 77.050000000000011 83.095000000000013 86.490000000000023 62.675000000000004 84.790000000000006 66.425000000000011 72.500000000000014 75.595000000000013 87.740000000000023 60.205000000000005
decision_type=2 2 2 2 2 2 2 2 2 2 2 2 2 2 2 2 2 2 2 2 2 2 2 2 2 2 2 2 2 2
left_child=1 3 5 -1 7 9 11 16 14 20 19 24 -10 29 -6 28 -3 -9 -11 -7 -2 -12 -13 -15 -4 -18 -16 -14 -8 -5
right_child=2 4 6 13 8 10 15 17 12 18 21 22 27 23 26 -17 25 -19 -20 -21 -22 -23 -24 -25 -26 -27 -28 -29 -30 -31
leaf_value=-0.0076198518276214605 -0.00080358811886981128 -0.0041268554697563124 0.0013232931680977344 -0.0055073987692594532 -0.0023233591297338175 0.00033151707079358939 0.002151993147440647 -0.0031269271710207542 -0.0014994454951513382 -0.00026996760876873174 0.00086262328550219542 0.0017910393939656059 -0.0011926709929955942 -0.0047995519618709371 -0.0020249325782060626 0.002573864993387312 -0.0037827624564434024 -0.0027319547688860572 2.6858536828124504e-05 0.0006085455182215406 -0.00052983086985572208 0.0011237407856816916 0.0020412806816624877 -0.0044710946514418251 0.0015656377384138686 -0.0034778949171304706 -0.0017834832349303857 -0.00097959166079169472 0.0023792487089929074 -0.0051154796034097675
leaf_weight=254 160 77 130 25 129 153 76 126 210 156 126 157 102 77 78 1678 77 178 206 180 154 152 132 76 124 75 103 101 103 25
leaf_count=254 160 77 130 25 129 153 76 126 210 156 126 157 102 77 78 1678 77 178 206 180 154 152 132 76 124 75 103 101 103 25
internal_value=3.59026e-11 -0.00340769 0.00158323 -0.00636845 -0.00233041 0.000149968 0.00235182 -0.00328361 -0.00162771 -0.000365015 0.000719737 0.00168842 -0.00129655 -0.00480266 -0.00206889 0.0025458 -0.00379861 -0.00289566 -0.000101055 0.000481262 -0.000669325 0.00100539 0.00190534 -0.0046364 0.0014416 -0.00363233 -0.00188753 -0.00108666 0.00228276 -0.00531144
internal_weight=5400 1713 3687 457 1256 1287 2400 533 723 676 611 543 413 203 310 1857 229 304 362 333 314 278 289 153 254 152 181 203 179 50
internal_count=5400 1713 3687 457 1256 1287 2400 533 723 676 611 543 413 203 310 1857 229 304 362 333 314 278 289 153 254 152 181 203 179 50
is_linear=0
shrinkage=0.05


Tree=32
num_leaves=31
num_cat=0
split_feature=0 0 0 0 0 0 0 0 0 0 0 0 0 0 0 0 0 0 0 0 0 0 0 0 0 0 0 0 0 0
split_gain=10.5174 2.13027 1.27802 0.362589 0.323261 0.135353 0.0761412 0.0529867 0.0366846 0.0191912 0.0146924 0.00898423 0.00800221 0.00619919 0.00576597 0.00453292 0.00451206 0.00274093 0.00189764 0.00183865 0.00178926 0.00151968 0.00148963 0.00146134 0.00127479 0.000983058 0.000944046 0.000853262 0.000726087 0.000693122
threshold=76.845000000000013 63.925000000000004 84.550000000000011 71.250000000000014 1.0000000180025095e-35 80.595000000000013 87.740000000000023 67.500000000000014 74.345000000000013 82.740000000000023 78.780000000000015 69.345000000000013 86.280000000000015 61.425000000000004 72.500000000000014 75.595000000000013 65.175000000000011 81.490000000000023 77.740000000000023 83.540000000000006 79.790000000000006 88.990000000000023 62.675000000000004 70.595000000000013 66.425000000000011 85.595000000000013 73.570000000000007 86.845000000000013 68.095000000000013 60.205000000000005
decision_type=2 2 2 2 2 2 2 2 2 2 2 2 2 2 2 2 2 2 2 2 2 2 2 2 2 2 2 2 2 2
left_child=1 4 5 7 -1 10 12 16 14 17 18 28 25 29 -5 -10 -3 -7 -2 -11 -12 -8 -15 -13 -18 -4 -16 -14 -9 -6
right_child=2 3 6 8 13 9 21 11 15 19 20 23 27 22 26 -17 24 -19 -20 -21 -22 -23 -24 -25 -26 -27 -28 -29 -30 -31
leaf_value=-0.0072388596832752231 -0.00058453573020780163 -0.0039205123851825665 0.0014614954753310091 -0.002002454591607015 -0.0052320286631584167 0.00039947431128952777 0.0023078112207959144 -0.0030629970133304596 -0.0012124728172243945 0.00095189392450265595 -7.8134297447893038e-05 -0.0025290355352418767 0.0018277305178344251 -0.0045595743487794682 -0.0016727053087491257 -0.00087090222443935372 -0.0035936242525840736 0.00067869413144005641 -0.00033790991055749118 0.0012000682904234148 0.00016558376382678174 0.0024513199925422671 -0.0042475399806311256 -0.0022557929600588978 -0.0033040002286434176 0.0016612462965505466 -0.0014694982500491191 0.0020126228889402668 -0.0028421551764011383 -0.0048597056418657305
leaf_weight=254 157 77 149 127 25 155 209 53 183 128 179 126 104 77 130 207 77 203 155 179 130 1572 76 80 75 105 102 156 125 25
leaf_count=254 157 77 149 127 25 155 209 53 183 128 179 126 104 77 130 207 77 203 155 179 130 1572 76 80 75 105 102 156 125 25
internal_value=-3.73391e-12 -0.00309609 0.00157269 -0.00210494 -0.00605003 0.00031084 0.00227976 -0.00300672 -0.0013669 0.000806538 -0.000219981 -0.00264773 0.00174367 -0.00456253 -0.00173162 -0.00103118 -0.00360868 0.000557803 -0.000462013 0.00109659 2.44008e-05 0.00243448 -0.00440458 -0.00242292 -0.00345072 0.00154407 -0.00158336 0.00193867 -0.00290791 -0.00504587
internal_weight=5400 1819 3581 1362 457 1286 2295 613 749 665 621 384 514 203 359 390 229 358 312 307 309 1781 153 206 152 254 232 260 178 50
internal_count=5400 1819 3581 1362 457 1286 2295 613 749 665 621 384 514 203 359 390 229 358 312 307 309 1781 153 206 152 254 232 260 178 50
is_linear=0
shrinkage=0.05


Tree=33
num_leaves=31
num_cat=0
split_feature=0 0 0 0 0 0 0 0 0 0 0 0 0 0 0 0 0 0 0 0 0 0 0 0 0 0 0 0 0 0
split_gain=9.49299 1.77987 1.3233 0.291743 0.273941 0.138906 0.0834351 0.034695 0.0344163 0.0176852 0.0174136 0.00996632 0.00567722 0.00559477 0.00477052 0.00407214 0.00382312 0.00264491 0.00223336 0.00206824 0.0019294 0.00137151 0.00134439 0.00131924 0.0011505 0.00108906 0.00107225 0.000697358 0.000678923 0.000625542
threshold=76.280000000000015 63.925000000000004 84.345000000000013 1.0000000180025095e-35 70.595000000000013 80.240000000000023 87.740000000000023 67.500000000000014 73.570000000000007 78.095000000000013 82.290000000000006 86.040000000000006 71.845000000000013 61.425000000000004 74.820000000000007 65.175000000000011 69.345000000000013 79.345000000000013 83.095000000000013 81.040000000000006 77.290000000000006 88.990000000000023 62.675000000000004 85.240000000000023 66.425000000000011 86.845000000000013 72.500000000000014 75.595000000000013 68.300000000000011 60.205000000000005
decision_type=2 2 2 2 2 2 2 2 2 2 2 2 2 2 2 2 2 2 2 2 2 2 2 2 2 2 2 2 2 2
left_child=1 3 5 -1 7 9 11 15 12 20 19 23 -6 29 -10 -3 28 -11 -12 -7 -2 -8 -15 -4 -17 -13 -14 -16 -9 -5
right_child=2 4 6 13 8 10 21 16 14 17 18 25 26 22 27 24 -18 -19 -20 -21 -22 -23 -24 -25 -26 -27 -28 -29 -30 -31
leaf_value=-0.0068769164383411414 -0.00070661824366818839 -0.0037244868646194411 0.0013022452748070162 -0.0049704272300004964 -0.0020992129492436269 0.00027599620170803973 0.0021924206086893403 -0.0028458422447726565 -0.0013322216667275612 -0.00020731583947333721 0.00078013674651701299 0.0017164503103335395 -0.0018235633149743082 -0.0043315955232103151 -0.0010724138267630455 -0.0034139430706764196 -0.0024025837595145856 6.6046027127236083e-05 0.0010476227304557475 0.00053215563024689512 -0.0004543953255051747 0.0023287540301680566 -0.0040351630433609611 0.0015203141564026823 -0.0031388000547885896 0.0019119917128521662 -0.0015890699531883002 -0.00088706699817782592 -0.0026480810766418778 -0.0046167206019163132
leaf_weight=254 186 77 150 25 129 128 209 103 183 208 126 131 78 77 102 77 126 154 205 205 128 1572 76 129 75 156 130 101 75 25
leaf_count=254 186 77 150 25 129 128 209 103 183 208 126 131 78 77 102 77 126 154 205 205 128 1572 76 129 75 156 130 101 75 25
internal_value=1.97599e-11 -0.00307562 0.00142895 -0.00574753 -0.00210344 0.000175325 0.0021447 -0.00296346 -0.00146942 -0.000329207 0.000688975 0.00161587 -0.00183862 -0.0043344 -0.00114709 -0.00342825 -0.00261333 -9.10238e-05 0.0009458 0.000433692 -0.000603801 0.00231276 -0.00418435 0.00140307 -0.00327818 0.00182274 -0.001677 -0.000980197 -0.00276252 -0.00479357
internal_weight=5400 1713 3687 457 1256 1340 2347 533 723 676 664 566 337 203 386 229 304 362 331 333 314 1781 153 279 152 287 208 203 178 50
internal_count=5400 1713 3687 457 1256 1340 2347 533 723 676 664 566 337 203 386 229 304 362 331 333 314 1781 153 279 152 287 208 203 178 50
is_linear=0
shrinkage=0.05


Tree=34
num_leaves=31
num_cat=0
split_feature=0 0 0 0 0 0 0 0 0 0 0 0 0 0 0 0 0 0 0 0 0 0 0 0 0 0 0 0 0 0
split_gain=8.56801 1.67241 1.11527 0.271255 0.263298 0.110906 0.0753001 0.039085 0.0287178 0.015639 0.0123452 0.00899719 0.00593568 0.00504928 0.00451286 0.00424716 0.0036751 0.0021518 0.00182982 0.00169975 0.00149605 0.00130867 0.00126503 0.00121331 0.00103832 0.000976915 0.000838448 0.000717811 0.000618756 0.000564552
threshold=76.490000000000023 63.925000000000004 84.345000000000013 70.800000000000011 1.0000000180025095e-35 80.595000000000013 87.740000000000023 67.500000000000014 73.990000000000023 78.540000000000006 82.530000000000015 85.800000000000011 69.345000000000013 61.425000000000004 72.500000000000014 75.240000000000023 65.175000000000011 77.290000000000006 79.550000000000011 83.540000000000006 81.490000000000023 86.845000000000013 88.540000000000006 62.675000000000004 66.425000000000011 84.790000000000006 70.000000000000014 71.845000000000013 68.095000000000013 60.205000000000005
decision_type=2 2 2 2 2 2 2 2 2 2 2 2 2 2 2 2 2 2 2 2 2 2 2 2 2 2 2 2 2 2
left_child=1 4 5 7 -1 9 11 16 14 17 20 25 28 29 27 -10 -3 -2 -11 -12 -7 -13 -8 -15 -18 -4 -14 -5 -9 -6
right_child=2 3 6 8 13 10 22 12 15 18 19 21 26 23 -16 -17 24 -19 -20 -21 -22 -23 -24 -25 -26 -27 -28 -29 -30 -31
leaf_value=-0.0065330706536769869 -0.00063464078685325205 -0.0035382625828315689 0.001164139099661019 -0.0019482993471779321 -0.0047219060361385345 0.00035925547952853868 0.0020463187796200895 -0.0027675550431013108 -0.0011822334138324132 -0.00010177414981396625 0.0008178076429522775 0.0016122378709525625 -0.0023397705016227868 -0.004115015713425426 -0.0014702406003036434 -0.00085179622444074327 -0.0032432461713815665 -0.00037629668249924118 0.00013323773769355427 0.001057249457230718 0.00057965311513958034 0.0018163921956259471 0.0022088930412188859 -0.0038334050460865628 -0.0029818602204322816 0.0013778537485216345 -0.0021215344548668013 -0.0017323850964506466 -0.0025636881619691852 -0.0043858844786882406
leaf_weight=254 132 77 77 76 25 155 129 53 185 182 178 158 78 77 180 205 77 207 152 127 153 156 1652 76 75 175 101 78 125 25
leaf_count=254 132 77 77 76 25 155 129 53 185 182 178 158 78 77 180 205 77 207 152 127 153 156 1652 76 75 175 101 78 125 25
internal_value=1.9918e-11 -0.0028558 0.00138899 -0.00194726 -0.00546015 0.000205502 0.00203746 -0.00274699 -0.00129996 -0.000237647 0.000692026 0.00153508 -0.00241994 -0.00411768 -0.00164024 -0.00100854 -0.00325684 -0.000476891 5.17737e-06 0.00091751 0.000468739 0.00171366 0.00219712 -0.00397513 -0.00311427 0.00131255 -0.00221663 -0.00183894 -0.00262439 -0.0045539
internal_weight=5400 1767 3633 1310 457 1286 2347 586 724 673 613 566 357 203 334 390 229 339 334 305 308 314 1781 153 152 252 179 154 178 50
internal_count=5400 1767 3633 1310 457 1286 2347 586 724 673 613 566 357 203 334 390 229 339 334 305 308 314 1781 153 152 252 179 154 178 50
is_linear=0
shrinkage=0.05


Tree=35
num_leaves=31
num_cat=0
split_feature=0 0 0 0 0 0 0 0 0 0 0 0 0 0 0 0 0 0 0 0 0 0 0 0 0 0 0 0 0 0
split_gain=7.73333 1.39877 1.14536 0.262412 0.154083 0.0990711 0.0957088 0.039567 0.0307239 0.0124624 0.0124255 0.00854142 0.0049039 0.00489184 0.00451193 0.00379584 0.00368171 0.00211756 0.00172373 0.0016678 0.00151503 0.00147373 0.00140677 0.000945065 0.000896854 0.000778502 0.000616959 0.000566739 0.000514873 0.000504947
threshold=75.800000000000011 62.675000000000004 83.780000000000015 70.000000000000014 1.0000000180025095e-35 79.790000000000006 87.050000000000011 66.425000000000011 73.095000000000013 81.845000000000013 77.740000000000023 85.595000000000013 88.095000000000013 68.095000000000013 74.550000000000011 71.845000000000013 64.550000000000011 60.205000000000005 81.040000000000006 78.780000000000015 82.740000000000023 76.845000000000013 84.790000000000006 86.490000000000023 68.750000000000014 63.925000000000004 73.990000000000023 88.990000000000023 67.500000000000014 70.595000000000013
decision_type=2 2 2 2 2 2 2 2 2 2 2 2 2 2 2 2 2 2 2 2 2 2 2 2 2 2 2 2 2 2
left_child=1 4 5 7 -1 10 11 16 15 18 21 22 -8 28 26 29 25 -6 -7 -12 -11 -2 -4 -13 -15 -3 -10 -14 -9 -5
right_child=2 3 6 8 17 9 12 13 14 20 19 23 27 24 -16 -17 -18 -19 -20 -21 -22 -23 -24 -25 -26 -27 -28 -29 -30 -31
leaf_value=-0.0062064170837402349 -0.00071810682123947533 -0.0036417347624113691 0.0010566801087691464 -0.0020832395181059836 -0.0044858105480670932 0.00019518602307624935 0.001797475692590857 -0.0028327672109007837 -0.0013532408454921098 0.00061476898270768012 -0.00028998282362496661 0.0014579126302888441 0.0020025302384850344 -0.0024940151568144972 -0.00094690758693778047 -0.0015889696031808854 -0.0031380369843354503 -0.0039723349187303992 0.00042917247949622752 -6.5944145999361232e-05 0.00083691795399181204 -0.00050076627243713582 0.0012757916371488283 0.00165114321587783 -0.0022750143205317167 -0.0033892065286636355 -0.0011901430276064378 0.0021018715575337409 -0.0026291772723197938 -0.0018932786272015682
leaf_weight=254 155 76 179 48 25 207 153 75 128 154 155 157 158 73 181 130 103 102 127 179 153 157 124 106 130 51 106 1572 53 129
leaf_count=254 155 76 179 48 25 207 153 75 128 154 155 157 158 73 181 130 103 102 127 179 153 157 124 106 130 51 106 1572 53 129
internal_value=-2.0445e-11 -0.0028352 0.00126279 -0.00204522 -0.00549542 5.51306e-05 0.00189743 -0.00285643 -0.0014149 0.000495525 -0.000381855 0.00132731 0.0020688 -0.0025064 -0.00113436 -0.00179412 -0.00336017 -0.00407341 0.000284157 -0.000169914 0.000725482 -0.00060874 0.00114635 0.00153579 -0.00235377 -0.00354033 -0.00127936 0.0020928 -0.00274847 -0.00194479
internal_weight=5400 1664 3736 1283 381 1287 2449 561 722 641 646 566 1883 331 415 307 230 127 334 334 307 312 303 263 203 127 234 1730 128 177
internal_count=5400 1664 3736 1283 381 1287 2449 561 722 641 646 566 1883 331 415 307 230 127 334 334 307 312 303 263 203 127 234 1730 128 177
is_linear=0
shrinkage=0.05


Tree=36
num_leaves=31
num_cat=0
split_feature=0 0 0 0 0 0 0 0 0 0 0 0 0 0 0 0 0 0 0 0 0 0 0 0 0 0 0 0 0 0
split_gain=6.97953 1.28581 1.0024 0.247507 0.13906 0.0952142 0.0739388 0.0357093 0.0301867 0.0144158 0.00996495 0.0069 0.00492743 0.00441488 0.00342575 0.003325 0.00331653 0.00198012 0.00194594 0.00166411 0.00150597 0.00112309 0.00108696 0.00106241 0.000879898 0.000817863 0.000573557 0.000556805 0.000508158 0.000464671
threshold=76.040000000000006 62.675000000000004 83.990000000000023 70.000000000000014 1.0000000180025095e-35 80.240000000000023 87.290000000000006 66.425000000000011 73.095000000000013 78.095000000000013 82.290000000000006 85.595000000000013 74.550000000000011 68.095000000000013 71.845000000000013 65.175000000000011 88.300000000000011 61.425000000000004 79.345000000000013 77.050000000000011 81.280000000000015 83.095000000000013 86.490000000000023 63.925000000000004 84.790000000000006 69.345000000000013 75.240000000000023 73.990000000000023 87.740000000000023 67.500000000000014
decision_type=2 2 2 2 2 2 2 2 2 2 2 2 2 2 2 2 2 2 2 2 2 2 2 2 2 2 2 2 2 2
left_child=1 4 5 7 -1 9 11 15 14 19 20 24 27 29 -5 23 28 -6 -11 -2 -7 -12 -13 -3 -4 -15 -14 -10 -8 -9
right_child=2 3 6 8 17 10 16 13 12 18 21 22 26 25 -16 -17 -18 -19 -20 -21 -22 -23 -24 -25 -26 -27 -28 -29 -30 -31
leaf_value=-0.0058960963040590288 -0.00063357054630456416 -0.0034596477880289682 0.0010258274339139462 -0.0018475537498792013 -0.0041147468611598013 0.00025710629784727311 0.0016674692252356756 -0.0026911286935210228 -0.0012855787899752613 -0.00017774987701648992 0.00066755052197665454 0.0013850170490183648 -0.00098584902508160738 -0.0023153582260012624 -0.0015095210820436477 -0.002924181949105356 0.0019919532616495092 -0.0037106481175144001 5.672526275667259e-05 -0.00041080363738870665 0.00047046869721574091 0.00086942981548705387 0.0015796826023495561 -0.0031961296624564506 0.001212002056080007 -0.0021090312359424738 -0.00081426521073880162 -0.0011306358923046094 0.0018379088563537137 -0.0024977184832096102
leaf_weight=254 184 76 130 177 50 153 76 75 128 208 126 157 79 125 130 77 1678 77 154 154 180 152 132 77 124 78 127 106 103 53
leaf_count=254 184 76 130 177 50 153 76 75 128 208 126 157 79 125 130 77 1678 77 154 154 180 152 132 77 124 78 127 106 103 53
internal_value=-2.41366e-11 -0.00266451 0.00121271 -0.00191994 -0.00522064 0.000100846 0.00182006 -0.00271361 -0.0013239 -0.000297253 0.000556933 0.00130684 -0.0010584 -0.00238108 -0.00170441 -0.00319216 0.00197013 -0.00386974 -7.80008e-05 -0.000532073 0.000372437 0.000777931 0.00147393 -0.00332703 0.00111672 -0.00223608 -0.000880067 -0.00121539 0.00176554 -0.00261104
internal_weight=5400 1689 3711 1308 381 1311 2400 561 747 700 611 543 440 331 307 230 1857 127 362 338 333 278 289 153 254 203 206 234 179 128
internal_count=5400 1689 3711 1308 381 1311 2400 561 747 700 611 543 440 331 307 230 1857 127 362 338 333 278 289 153 254 203 206 234 179 128
is_linear=0
shrinkage=0.05


Tree=37
num_leaves=31
num_cat=0
split_feature=0 0 0 0 0 0 0 0 0 0 0 0 0 0 0 0 0 0 0 0 0 0 0 0 0 0 0 0 0 0
split_gain=6.29923 1.22917 0.819918 0.199748 0.193548 0.0816491 0.0553664 0.028619 0.0209614 0.011512 0.00902008 0.00667294 0.00452616 0.00434767 0.00380382 0.00276246 0.00196852 0.00172175 0.0012783 0.00126533 0.00109508 0.000946137 0.000879847 0.000869901 0.000744946 0.000701506 0.000568436 0.000568342 0.000483368 0.000460836
threshold=76.490000000000023 63.925000000000004 84.345000000000013 70.800000000000011 1.0000000180025095e-35 80.595000000000013 87.740000000000023 67.500000000000014 74.345000000000013 78.300000000000011 82.530000000000015 86.040000000000006 72.500000000000014 69.345000000000013 61.425000000000004 65.175000000000011 75.595000000000013 79.345000000000013 77.290000000000006 83.540000000000006 81.490000000000023 88.990000000000023 85.240000000000023 62.675000000000004 66.425000000000011 86.845000000000013 73.300000000000011 70.000000000000014 68.300000000000011 71.845000000000013
decision_type=2 2 2 2 2 2 2 2 2 2 2 2 2 2 2 2 2 2 2 2 2 2 2 2 2 2 2 2 2 2
left_child=1 4 5 7 -1 9 11 15 12 18 20 22 29 28 -6 -3 -10 -11 -2 -12 -7 -8 -4 -16 -17 -13 -14 -15 -9 -5
right_child=2 3 6 8 14 10 21 13 16 17 19 25 26 27 23 24 -18 -19 -20 -21 -22 -23 -24 -25 -26 -27 -28 -29 -30 -31
leaf_value=-0.0056012913584709174 -0.00054410489445382904 -0.0030363231534501177 0.0010597383125374716 -0.0016638426992454027 -0.0039090095087885857 0.00030914287758810867 0.0017839457322821094 -0.0023214827246457628 -0.00093786239858126372 -0.00013693458055176081 0.00070039072503032306 0.0014001706764386356 -0.0013141639006224652 -0.0020035796297284271 -0.0035251159946639819 -0.0027779726867938974 -0.00069569970721439006 8.3898431570915129e-05 -0.00033949248541599315 0.00090698108634376163 0.00049770597758051619 0.0018971804529428482 0.0012378265713016655 -0.0032866654231360087 -0.0025565723255276682 0.0015571089294285348 -0.0011566418122009251 -0.0018239022334023279 -0.002154616025586923 -0.0014908413092295329
leaf_weight=254 132 77 150 76 50 155 209 103 183 155 178 131 103 78 77 77 155 205 181 127 153 1572 129 76 75 156 129 101 75 78
leaf_count=254 132 77 150 76 50 155 209 103 183 155 178 131 103 78 77 77 155 205 181 127 153 1572 129 76 75 156 129 101 75 78
internal_value=2.45315e-11 -0.00244868 0.00119097 -0.00166978 -0.0046814 0.000176226 0.00174699 -0.00235605 -0.00111432 -0.000204005 0.000593674 0.0013162 -0.00136607 -0.0020762 -0.0035304 -0.00279233 -0.000826811 -1.11824e-05 -0.000425783 0.000786414 0.000402812 0.00188389 0.00114208 -0.00340667 -0.00266873 0.00148548 -0.00122658 -0.0019022 -0.00225117 -0.00157622
internal_weight=5400 1767 3633 1310 457 1286 2347 586 724 673 613 566 386 357 203 229 338 360 313 305 308 1781 279 153 152 287 232 179 178 154
internal_count=5400 1767 3633 1310 457 1286 2347 586 724 673 613 566 386 357 203 229 338 360 313 305 308 1781 279 153 152 287 232 179 178 154
is_linear=0
shrinkage=0.05


Tree=38
num_leaves=31
num_cat=0
split_feature=0 0 0 0 0 0 0 0 0 0 0 0 0 0 0 0 0 0 0 0 0 0 0 0 0 0 0 0 0 0
split_gain=5.68552 1.15062 0.690622 0.19622 0.174677 0.07307 0.04106 0.0284883 0.0198066 0.0103989 0.00798361 0.00481718 0.00438638 0.00343295 0.00304608 0.00249312 0.00242646 0.00149615 0.00101139 0.000997407 0.000964657 0.000861064 0.00080613 0.000785086 0.000672315 0.000513014 0.000508458 0.000440957 0.000430848 0.000429623
threshold=76.845000000000013 63.925000000000004 84.550000000000011 71.250000000000014 1.0000000180025095e-35 80.595000000000013 87.740000000000023 67.500000000000014 74.345000000000013 82.740000000000023 78.780000000000015 69.345000000000013 86.280000000000015 61.425000000000004 72.500000000000014 65.175000000000011 75.595000000000013 81.845000000000013 77.740000000000023 83.540000000000006 79.790000000000006 88.540000000000006 70.595000000000013 62.675000000000004 66.425000000000011 73.300000000000011 85.240000000000023 68.750000000000014 60.205000000000005 86.845000000000013
decision_type=2 2 2 2 2 2 2 2 2 2 2 2 2 2 2 2 2 2 2 2 2 2 2 2 2 2 2 2 2 2
left_child=1 4 5 7 -1 10 12 15 14 17 18 27 26 28 -5 -3 -10 -7 -2 -11 -12 -8 -13 -15 -17 -16 -4 -9 -6 -14
right_child=2 3 6 8 13 9 21 11 16 19 20 22 29 23 25 24 -18 -19 -20 -21 -22 -23 -24 -25 -26 -27 -28 -29 -30 -31
leaf_value=-0.0053212270140647888 -0.00042916907525508647 -0.0028845069567104437 0.0010453737768515642 -0.0014698558640996303 -0.0038603320717811584 0.00032101448490649614 0.0016652845900303635 -0.0021891712994566038 -0.00089096928249454233 0.00069985808731871664 -5.6451295130393816e-05 -0.0018622974466000284 0.0013480572029948236 -0.0033488602171857641 -0.0012484557402220745 -0.0026390741204286553 -0.0006410623290958469 0.00052746841260655354 -0.00024911986025530965 0.00088264444978210514 0.00012250109602553915 0.0017994127342292532 -0.0016593535779975356 -0.0031223321260002101 -0.0024287436455488207 -0.0010988097161401149 0.0011906982883094597 -0.0020161135122179984 -0.0035667855292558673 0.0014792534654052595
leaf_weight=254 157 77 98 127 25 204 129 126 183 128 179 126 104 77 103 77 207 154 155 179 130 1652 80 76 75 129 156 52 25 156
leaf_count=254 157 77 98 127 25 204 129 126 183 128 179 126 104 77 103 77 207 154 155 179 130 1652 80 76 75 129 156 52 25 156
internal_value=-1.77376e-11 -0.00227638 0.0011563 -0.00154794 -0.00444733 0.000228709 0.00167608 -0.00221133 -0.00100502 0.000592921 -0.000161309 -0.0019481 0.00128241 -0.00335388 -0.00127301 -0.00265271 -0.000758326 0.000409824 -0.000339722 0.000806434 1.88361e-05 0.0017897 -0.00178348 -0.00323634 -0.00253529 -0.00116525 0.00113463 -0.00213862 -0.00371356 0.00142677
internal_weight=5400 1819 3581 1362 457 1286 2295 613 749 665 621 384 514 203 359 229 390 358 312 307 309 1781 206 153 152 232 254 178 50 260
internal_count=5400 1819 3581 1362 457 1286 2295 613 749 665 621 384 514 203 359 229 390 358 312 307 309 1781 206 153 152 232 254 178 50 260
is_linear=0
shrinkage=0.05


Tree=39
num_leaves=31
num_cat=0
split_feature=0 0 0 0 0 0 0 0 0 0 0 0 0 0 0 0 0 0 0 0 0 0 0 0 0 0 0 0 0 0
split_gain=5.13153 0.961385 0.715226 0.161387 0.140242 0.0665097 0.0543646 0.0224077 0.0185999 0.00957595 0.00732283 0.00508149 0.0029737 0.00283902 0.00268793 0.00266223 0.00255388 0.00244549 0.00146235 0.00112846 0.00100266 0.000844091 0.000799062 0.000654185 0.000582116 0.000434029 0.000388849 0.000388839 0.000369046 0.000349127
threshold=76.280000000000015 63.300000000000004 83.990000000000023 70.595000000000013 1.0000000180025095e-35 80.240000000000023 87.290000000000006 67.050000000000011 73.570000000000007 78.095000000000013 82.290000000000006 85.595000000000013 71.845000000000013 68.750000000000014 65.175000000000011 74.820000000000007 61.425000000000004 88.300000000000011 78.990000000000023 81.040000000000006 77.050000000000011 83.095000000000013 86.490000000000023 84.790000000000006 72.500000000000014 62.675000000000004 69.550000000000011 60.205000000000005 66.425000000000011 87.740000000000023
decision_type=2 2 2 2 2 2 2 2 2 2 2 2 2 2 2 2 2 2 2 2 2 2 2 2 2 2 2 2 2 2
left_child=1 4 5 7 -1 9 11 14 12 20 19 23 -5 -9 -3 -10 27 29 -11 -7 -2 -12 -13 -4 -14 -18 -15 -6 -16 -8
right_child=2 3 6 8 16 10 17 13 15 18 21 22 24 26 28 -17 25 -19 -20 -21 -22 -23 -24 -25 -26 -27 -28 -29 -30 -31
leaf_value=-0.0050551656633615501 -0.00053181151102762677 -0.0027820885418822954 0.00087896614263837161 -0.0015403881264749425 -0.0036673154681921005 0.00020305587713664863 0.0014322777107161912 -0.0021071518249809744 -0.0009817120985540211 -0.00018231265645366737 0.00057145080100449303 0.0011876495673683041 -0.0013428064684073131 -0.0018734902178957351 -0.0025071204265023211 -0.00071873789460494611 -0.0031814169864375873 0.001707987597653991 2.0621199165953374e-05 0.00039226981470497644 -0.00035308446302743896 0.0007464676455128938 0.0013545556981680972 0.0010394955271734827 -0.0011700288987217041 -0.0029933538287878038 -0.0017232402648827802 -0.0033884465694427493 -0.0023337060585618022 0.0015735519199984744
leaf_weight=254 160 102 130 129 25 128 76 150 183 156 126 157 78 105 77 203 77 1678 206 205 154 152 132 124 130 51 73 25 51 103
leaf_count=254 160 102 130 129 25 128 76 150 183 156 126 157 78 105 77 203 77 1678 206 205 154 152 132 124 130 51 73 25 51 103
internal_value=-1.18095e-12 -0.00226128 0.0010506 -0.00157341 -0.00430101 9.96229e-05 0.00156057 -0.00221223 -0.00108037 -0.000242097 0.000477696 0.00112049 -0.00135179 -0.00194691 -0.00259061 -0.000843412 -0.00322486 0.00168925 -6.6831e-05 0.000319539 -0.000444156 0.000667143 0.00126388 0.000957335 -0.00123482 -0.00310649 -0.00181187 -0.00352788 -0.00243803 0.00151357
internal_weight=5400 1713 3687 1281 432 1287 2400 558 723 676 611 543 337 328 230 386 178 1857 362 333 314 278 289 254 208 128 178 50 128 179
internal_count=5400 1713 3687 1281 432 1287 2400 558 723 676 611 543 337 328 230 386 178 1857 362 333 314 278 289 254 208 128 178 50 128 179
is_linear=0
shrinkage=0.05


Tree=40
num_leaves=31
num_cat=0
split_feature=0 0 0 0 0 0 0 0 0 0 0 0 0 0 0 0 0 0 0 0 0 0 0 0 0 0 0 0 0 0
split_gain=4.63179 0.837194 0.685835 0.157056 0.0922554 0.0593775 0.0572633 0.0236464 0.018363 0.00747994 0.00739587 0.00468415 0.00375129 0.00305086 0.00272509 0.00227409 0.00225961 0.00137257 0.00103392 0.00101425 0.00088912 0.000883097 0.00052231 0.000511358 0.000465294 0.000436898 0.000373578 0.000359337 0.000326965 0.000292013
threshold=75.800000000000011 62.675000000000004 83.780000000000015 70.000000000000014 1.0000000180025095e-35 79.790000000000006 86.845000000000013 66.425000000000011 73.095000000000013 81.845000000000013 77.740000000000023 88.095000000000013 85.240000000000023 68.095000000000013 74.550000000000011 64.550000000000011 71.845000000000013 60.205000000000005 80.800000000000011 78.990000000000023 82.740000000000023 76.845000000000013 86.040000000000006 69.345000000000013 63.925000000000004 84.550000000000011 88.990000000000023 73.990000000000023 70.595000000000013 61.425000000000004
decision_type=2 2 2 2 2 2 2 2 2 2 2 2 2 2 2 2 2 2 2 2 2 2 2 2 2 2 2 2 2 2
left_child=1 4 5 7 -1 10 12 15 16 18 21 -8 25 -9 27 24 28 -6 -7 -12 -11 -2 -14 -15 -3 -4 -13 -10 -5 -19
right_child=2 3 6 8 17 9 11 13 14 20 19 26 22 23 -16 -17 -18 29 -20 -21 -22 -23 -24 -25 -26 -27 -28 -29 -30 -31
leaf_value=-0.004802407324314118 -0.0005552253057999958 -0.0028200226958448953 0.00080813020770135644 -0.001616227999329567 -0.0034839499741792681 0.00013908787713468447 0.0013679090428395549 -0.0021311827789759264 -0.0010475845250766725 0.00047706015099614085 -0.00020025639529317471 0.001546296660045657 0.0010599464416330639 -0.0018821657955646516 -0.00073283293557183527 -0.0024254564575633959 -0.0012302869930863381 -0.0032190240919589999 0.00031565138111438822 -2.0770938150722427e-05 0.00064724197860782835 -0.00038698274823154803 0.0012016858052433903 -0.0017190190915686962 -0.0026247939094901085 0.00094317786148464188 0.0016269512474536897 -0.00092311270605280717 -0.0014633687191404577 -0.0030223461593706889
leaf_weight=254 155 76 154 48 25 181 207 128 128 154 207 158 129 125 181 103 130 25 153 127 153 157 131 78 51 98 1572 106 129 77
leaf_count=254 155 76 154 48 25 181 207 128 128 154 207 158 129 125 181 103 130 25 153 127 153 157 131 78 51 98 1572 106 129 77
internal_value=-3.24059e-11 -0.00219419 0.000977284 -0.00158303 -0.00425225 4.27798e-05 0.00146839 -0.00221061 -0.00109539 0.000383721 -0.000295522 0.00159269 0.00099812 -0.00194002 -0.000878515 -0.00260004 -0.00138857 -0.00315193 0.000219969 -0.000132009 0.000561874 -0.000470565 0.00113136 -0.00181948 -0.00274162 0.000860649 0.00161959 -0.0009912 -0.00150482 -0.00307055
internal_weight=5400 1664 3736 1283 381 1287 2449 561 722 641 646 1937 512 331 415 230 307 127 334 334 307 312 260 203 127 252 1730 234 177 102
internal_count=5400 1664 3736 1283 381 1287 2449 561 722 641 646 1937 512 331 415 230 307 127 334 334 307 312 260 203 127 252 1730 234 177 102
is_linear=0
shrinkage=0.05


Tree=41
num_leaves=31
num_cat=0
split_feature=0 0 0 0 0 0 0 0 0 0 0 0 0 0 0 0 0 0 0 0 0 0 0 0 0 0 0 0 0 0
split_gain=4.18019 0.755568 0.618966 0.141743 0.0832606 0.0535882 0.0517541 0.0213409 0.0165726 0.00675065 0.00667477 0.00459108 0.0027534 0.00264464 0.00245939 0.00205236 0.0020393 0.00123874 0.000934562 0.000922907 0.00080243 0.000796995 0.000756255 0.000503933 0.000480658 0.000419928 0.000337155 0.00032798 0.000307532 0.000289491
threshold=75.800000000000011 62.675000000000004 83.780000000000015 70.000000000000014 1.0000000180025095e-35 79.790000000000006 87.050000000000011 66.425000000000011 73.095000000000013 81.845000000000013 77.740000000000023 85.595000000000013 68.095000000000013 88.095000000000013 74.550000000000011 64.550000000000011 71.845000000000013 60.205000000000005 81.040000000000006 78.780000000000015 82.740000000000023 76.845000000000013 84.790000000000006 86.490000000000023 68.750000000000014 63.925000000000004 88.990000000000023 73.570000000000007 70.800000000000011 75.240000000000023
decision_type=2 2 2 2 2 2 2 2 2 2 2 2 2 2 2 2 2 2 2 2 2 2 2 2 2 2 2 2 2 2
left_child=1 4 5 7 -1 10 11 15 16 18 21 22 -9 -8 27 25 28 -6 -7 -12 -11 -2 -4 -13 -14 -3 -15 -10 -5 -16
right_child=2 3 6 8 17 9 13 12 14 20 19 23 24 26 29 -17 -18 -19 -20 -21 -22 -23 -24 -25 -26 -27 -28 -29 -30 -31
leaf_value=-0.0045622870326042179 -0.0005274640396237374 -0.0026790215756352011 0.00077730778906515195 -0.0014867518751854353 -0.0033097524195909501 0.00014345884437848261 0.0013217309021141405 -0.0020246236439561472 -0.0010253543392396891 0.00045320715591940408 -0.00021472594084879083 0.0010717036932184818 -0.0018311765912460956 0.0014689817989268635 -0.0007680425620814668 -0.0023041835904700088 -0.0011687726341187954 -0.0029170239490329056 0.00031574887597537419 -4.8066550055678899e-05 0.00061487990821060398 -0.00036763360569621348 0.00093796056274685177 0.0012128051879973908 -0.0016708509050882782 -0.0024935543537139893 0.0015456037595868112 -0.0008997825869860558 -0.0013536038710490654 -0.0006405417688702252
leaf_weight=254 155 76 179 101 25 207 153 128 78 154 155 157 73 158 79 103 130 102 127 179 153 157 124 106 130 51 1572 156 76 102
leaf_count=254 155 76 179 101 25 207 153 128 78 154 155 157 73 158 79 103 130 102 127 179 153 157 124 106 130 51 1572 156 76 102
internal_value=-1.12463e-11 -0.00208448 0.00092842 -0.00150388 -0.00403964 4.06409e-05 0.00139497 -0.00210008 -0.00104062 0.000364535 -0.000280746 0.000975724 -0.00184302 0.00152098 -0.000834589 -0.00247003 -0.00131914 -0.00299433 0.00020897 -0.000125408 0.00053378 -0.000447037 0.000843053 0.00112857 -0.0017285 -0.00260454 0.00153861 -0.00094164 -0.00142958 -0.000696191
internal_weight=5400 1664 3736 1283 381 1287 2449 561 722 641 646 566 331 1883 415 230 307 127 334 334 307 312 303 263 203 127 1730 234 177 181
internal_count=5400 1664 3736 1283 381 1287 2449 561 722 641 646 566 331 1883 415 230 307 127 334 334 307 312 303 263 203 127 1730 234 177 181
is_linear=0
shrinkage=0.05


Tree=42
num_leaves=31
num_cat=0
split_feature=0 0 0 0 0 0 0 0 0 0 0 0 0 0 0 0 0 0 0 0 0 0 0 0 0 0 0 0 0 0
split_gain=3.77263 0.6819 0.558617 0.127923 0.0751426 0.0483633 0.0467081 0.0192602 0.0149568 0.00609246 0.0060548 0.00414345 0.00248494 0.00238678 0.0022196 0.00187525 0.00184047 0.00111796 0.00106529 0.000866469 0.000724193 0.00068252 0.000571351 0.000532486 0.000457165 0.000434042 0.000304283 0.000303656 0.000288143 0.000279361
threshold=75.800000000000011 62.675000000000004 83.780000000000015 70.000000000000014 1.0000000180025095e-35 79.790000000000006 87.050000000000011 66.425000000000011 73.095000000000013 81.845000000000013 78.095000000000013 85.595000000000013 68.095000000000013 88.095000000000013 74.550000000000011 65.175000000000011 71.845000000000013 60.205000000000005 76.845000000000013 80.595000000000013 82.740000000000023 84.790000000000006 63.925000000000004 78.990000000000023 86.280000000000015 69.345000000000013 88.990000000000023 73.990000000000023 67.500000000000014 70.595000000000013
decision_type=2 2 2 2 2 2 2 2 2 2 2 2 2 2 2 2 2 2 2 2 2 2 2 2 2 2 2 2 2 2
left_child=1 4 5 7 -1 10 11 15 16 19 18 21 28 -8 27 22 29 -6 -2 -7 -11 -4 -3 -12 -13 -14 -15 -10 -9 -5
right_child=2 3 6 8 17 9 13 12 14 20 23 24 25 26 -16 -17 -18 -19 -20 -21 -22 -23 -24 -25 -26 -27 -28 -29 -30 -31
leaf_value=-0.004334172606468201 -0.00050109084695577628 -0.0025450704423220535 0.00073844240770243406 -0.0014610789716243745 -0.0031442645937204364 9.7639119328680243e-05 0.0012556443757870618 -0.0019864557236433031 -0.00094639017843292097 0.00043054678168921891 -0.00015522556428690084 0.0009912794136575291 -0.001699833506345749 0.0013955326868763454 -0.000661381730007121 -0.0021452824210191706 -0.0011103340052068234 -0.0027711728277305765 -0.0003279263750300743 0.00026280979583651634 0.00058413588691478462 0.0008910625279250165 -0.0023518224258895046 -1.7329062634023039e-05 0.0011258844392303426 -0.0015495256174546787 0.0014683235436677934 -0.00083196789096548875 -0.0018341518938541413 -0.0013197848761035491
leaf_weight=254 155 76 179 48 25 130 153 75 128 154 156 105 125 158 181 77 130 102 208 204 153 124 77 127 158 78 1572 106 53 129
leaf_count=254 155 76 179 48 25 130 153 75 128 154 156 105 125 158 181 77 130 102 208 204 153 124 77 127 158 78 1572 106 53 129
internal_value=-1.84028e-11 -0.00198026 0.000881999 -0.00142869 -0.00383765 3.86088e-05 0.00132522 -0.00199508 -0.000988593 0.000346308 -0.000266709 0.000926938 -0.00175087 0.00144493 -0.000792859 -0.00234653 -0.00125318 -0.00284462 -0.000401867 0.000198522 0.000507091 0.000800901 -0.00244781 -9.33427e-05 0.00107214 -0.00164208 0.00146168 -0.000894558 -0.00192339 -0.0013581
internal_weight=5400 1664 3736 1283 381 1287 2449 561 722 641 646 566 331 1883 415 230 307 127 363 334 307 303 153 283 263 203 1730 234 128 177
internal_count=5400 1664 3736 1283 381 1287 2449 561 722 641 646 566 331 1883 415 230 307 127 363 334 307 303 153 283 263 203 1730 234 128 177
is_linear=0
shrinkage=0.05


Tree=43
num_leaves=31
num_cat=0
split_feature=0 0 0 0 0 0 0 0 0 0 0 0 0 0 0 0 0 0 0 0 0 0 0 0 0 0 0 0 0 0
split_gain=3.4049 0.626833 0.488953 0.120659 0.0678162 0.0465936 0.0361224 0.0173823 0.0146976 0.00701669 0.00486251 0.00338324 0.00248027 0.00224266 0.00169241 0.00166102 0.00162129 0.00104483 0.000952926 0.000827505 0.000730628 0.000650308 0.000602571 0.000515644 0.000408489 0.00037397 0.00030976 0.000280623 0.00026301 0.000260049
threshold=76.040000000000006 62.675000000000004 83.990000000000023 70.000000000000014 1.0000000180025095e-35 80.240000000000023 87.290000000000006 66.425000000000011 73.095000000000013 78.095000000000013 82.050000000000011 85.800000000000011 74.820000000000007 68.095000000000013 65.175000000000011 71.845000000000013 88.540000000000006 61.425000000000004 79.345000000000013 77.290000000000006 83.095000000000013 84.790000000000006 81.280000000000015 63.925000000000004 68.750000000000014 73.990000000000023 87.740000000000023 86.490000000000023 70.800000000000011 67.500000000000014
decision_type=2 2 2 2 2 2 2 2 2 2 2 2 2 2 2 2 2 2 2 2 2 2 2 2 2 2 2 2 2 2
left_child=1 4 5 7 -1 9 11 14 15 19 22 21 25 29 23 28 26 -6 -11 -2 -12 -4 -7 -3 -15 -10 -8 -13 -5 -9
right_child=2 3 6 8 17 10 16 13 12 18 20 27 -14 24 -16 -17 -18 -19 -20 -21 -22 -23 -24 -25 -26 -27 -28 -29 -30 -31
leaf_value=-0.0041174639016389849 -0.00043290690341520879 -0.0024178168858940666 0.00071752526868994421 -0.0013430675353375402 -0.0028803572990000249 0.00017924178193865067 0.0011633996361572491 -0.0018871329650282861 -0.00089907064684666702 -0.00012484011772008114 0.00045384797637677745 0.00099318160956620035 -0.00059640553920378909 -0.0016546261433052691 -0.0020380182748104075 -0.0010548173077404499 0.0013925558483773802 -0.0025868191178162379 3.9242259842833483e-05 -0.00027162005171703639 0.00060913283776148765 0.00086516003310680388 0.00031911605533452769 -0.0022342314024443753 -0.0015068258882428593 -0.00077934759437925838 0.0012906497510424418 0.0011024213325458042 -0.001219934401543517 -0.0017424443736672403
leaf_weight=254 210 76 130 101 50 153 76 75 128 208 151 106 179 73 77 130 1652 77 154 128 152 175 155 77 130 133 129 132 76 53
leaf_count=254 210 76 130 101 50 153 76 75 128 208 151 106 179 73 77 130 1652 77 154 128 152 175 155 77 130 133 129 132 76 53
internal_value=-9.52288e-12 -0.00186104 0.000847022 -0.00134118 -0.00364577 7.04843e-05 0.00127121 -0.00189532 -0.000925009 -0.000208002 0.000389536 0.000912483 -0.000739752 -0.00166332 -0.00222921 -0.00119052 0.0013761 -0.00270239 -5.50371e-05 -0.000371828 0.000531747 0.000802234 0.000249633 -0.00232542 -0.00155998 -0.000838062 0.00124347 0.00105377 -0.0012902 -0.00182722
internal_weight=5400 1689 3711 1308 381 1311 2400 561 747 700 611 543 440 331 230 307 1857 127 362 338 303 305 308 153 203 261 205 238 177 128
internal_count=5400 1689 3711 1308 381 1311 2400 561 747 700 611 543 440 331 230 307 1857 127 362 338 303 305 308 153 203 261 205 238 177 128
is_linear=0
shrinkage=0.05


Tree=44
num_leaves=31
num_cat=0
split_feature=0 0 0 0 0 0 0 0 0 0 0 0 0 0 0 0 0 0 0 0 0 0 0 0 0 0 0 0 0 0
split_gain=3.07332 0.599367 0.400021 0.0974265 0.0943042 0.0398124 0.027035 0.0140872 0.0102372 0.00561319 0.00450936 0.00323346 0.00224468 0.00209773 0.00193855 0.00135165 0.00104225 0.000775602 0.000673708 0.000624253 0.000536983 0.00046981 0.000441126 0.000394371 0.000321251 0.000312255 0.000262465 0.000258491 0.000236187 0.000227673
threshold=76.490000000000023 63.925000000000004 84.345000000000013 70.800000000000011 1.0000000180025095e-35 80.240000000000023 87.740000000000023 67.500000000000014 74.345000000000013 82.290000000000006 78.300000000000011 85.800000000000011 72.500000000000014 69.345000000000013 61.425000000000004 65.175000000000011 75.240000000000023 83.300000000000011 81.280000000000015 77.290000000000006 79.345000000000013 88.990000000000023 86.845000000000013 62.675000000000004 85.030000000000015 66.425000000000011 70.595000000000013 73.300000000000011 68.300000000000011 60.205000000000005
decision_type=2 2 2 2 2 2 2 2 2 2 2 2 2 2 2 2 2 2 2 2 2 2 2 2 2 2 2 2 2 2
left_child=1 4 5 7 -1 10 11 15 12 18 19 24 -5 28 29 -3 -10 -11 -7 -2 -12 -8 -13 -16 -4 -17 -15 -14 -9 -6
right_child=2 3 6 8 14 9 21 13 16 17 20 22 27 26 23 25 -18 -19 -20 -21 -22 -23 -24 -25 -26 -27 -28 -29 -30 -31
leaf_value=-0.0039115905761718753 -0.00038079179463569417 -0.0021225198184127935 0.00071622529858723287 -0.0011024727353027889 -0.0028430335223674774 0.00017027969577112329 0.0012454868900326737 -0.0016201033953179437 -0.00068662784839595178 0.00046721122520609524 -9.4546575339571123e-05 0.00096740106038183365 -0.00091530949293265075 -0.001367817988382682 -0.0024574781562407295 -0.0019361174290443398 -0.00050690119631770182 0.00062072510964973691 0.00031298695830628276 -0.00023780489869117328 3.7280147640180459e-05 0.0013252796605229379 0.0010859302089860042 -0.0022969260615737816 0.00083161590400298961 -0.0017927763909101489 -0.0012351979501545431 -0.00080908528319740484 -0.0015034602843225003 -0.0026296451687812805
leaf_weight=254 132 77 100 154 25 153 209 103 133 178 155 158 103 126 77 77 205 153 180 181 154 1572 156 76 152 75 53 129 75 25
leaf_count=254 132 77 100 154 25 153 209 103 133 178 155 158 103 126 77 77 205 153 180 181 154 1572 156 76 152 75 53 129 75 25
internal_value=1.69102e-11 -0.00171038 0.000831884 -0.00116647 -0.00326948 0.000123098 0.00122025 -0.00164576 -0.000778544 0.000392357 -0.000164342 0.000919227 -0.000954481 -0.00144941 -0.00246606 -0.00195185 -0.000577622 0.000538171 0.000247419 -0.000298106 -2.88465e-05 0.00131592 0.00102629 -0.00237773 0.000785826 -0.00186539 -0.00132855 -0.000856245 -0.00157096 -0.00273634
internal_weight=5400 1767 3633 1310 457 1286 2347 586 724 664 622 566 386 357 203 229 338 331 333 313 309 1781 314 153 252 152 179 232 178 50
internal_count=5400 1767 3633 1310 457 1286 2347 586 724 664 622 566 386 357 203 229 338 331 333 313 309 1781 314 153 252 152 179 232 178 50
is_linear=0
shrinkage=0.05


Tree=45
num_leaves=31
num_cat=0
split_feature=0 0 0 0 0 0 0 0 0 0 0 0 0 0 0 0 0 0 0 0 0 0 0 0 0 0 0 0 0 0
split_gain=2.7738 0.501196 0.410652 0.102727 0.0437382 0.0355419 0.0343176 0.0152497 0.0126004 0.00502781 0.00394077 0.0027935 0.00226989 0.00222819 0.00202343 0.00143922 0.000947178 0.000795457 0.00064155 0.000534393 0.000516727 0.000505896 0.000402438 0.000329924 0.000310858 0.000273273 0.000255618 0.000235224 0.000226744 0.000225379
threshold=75.800000000000011 62.050000000000004 83.780000000000015 69.550000000000011 1.0000000180025095e-35 80.030000000000015 86.845000000000013 65.800000000000011 72.500000000000014 78.095000000000013 81.845000000000013 88.095000000000013 85.240000000000023 74.345000000000013 68.095000000000013 63.925000000000004 71.250000000000014 76.845000000000013 60.205000000000005 83.095000000000013 78.990000000000023 81.040000000000006 75.240000000000023 67.050000000000011 86.280000000000015 65.175000000000011 84.550000000000011 73.570000000000007 68.750000000000014 88.990000000000023
decision_type=2 2 2 2 2 2 2 2 2 2 2 2 2 2 2 2 2 2 2 2 2 2 2 2 2 2 2 2 2 2
left_child=1 4 5 7 -1 9 12 15 16 17 21 -8 26 27 23 -3 -5 -2 -6 -12 -11 -7 -15 -9 -14 -17 -4 -10 -16 -13
right_child=2 3 6 8 18 10 11 14 13 20 19 29 24 22 28 25 -18 -19 -20 -21 -22 -23 -24 -25 -26 -27 -28 -29 -30 -31
leaf_value=-0.0037160113453865054 -0.00042984272413436445 -0.0022080188852201389 0.00062513573778575509 -0.0012115103661332256 -0.0027008818462491038 0.00012767094970008152 0.0010589368294942495 -0.0017457523540436448 -0.00085802889572313211 -0.00013406139661152012 0.00038805151764559104 0.0011963693601892719 0.00083124925418255429 -0.00065229645776177262 -0.0014927271893885857 -0.0020163937483902105 -0.0010267889068469288 -0.00028020739006863617 -0.0024084096153577168 0.00052776422885074772 -4.9517348314454125e-06 0.00025799710901204764 -0.0005202802473350483 -0.0015993842685764485 0.00094284787774086005 -0.0018671682104468347 0.0007284338020586542 -0.00075659491304381219 -0.001377993185250532 0.0012590155936777593
leaf_weight=254 155 103 154 153 25 180 207 77 130 156 204 158 156 133 73 77 127 208 75 103 154 127 102 77 104 51 98 102 105 1572
leaf_count=254 155 103 154 153 25 180 207 77 130 156 204 158 156 133 73 77 127 208 75 103 154 127 102 77 104 51 98 102 105 1572
internal_value=-2.03848e-11 -0.001698 0.000756282 -0.00124691 -0.00336729 3.31653e-05 0.0011363 -0.00175692 -0.000862522 -0.000217808 0.000308255 0.00123252 0.000772243 -0.000703513 -0.00153986 -0.00206889 -0.00112773 -0.000344101 -0.00248153 0.000434926 -6.9923e-05 0.000181584 -0.000594996 -0.00167257 0.000875889 -0.00195694 0.000665307 -0.000813433 -0.00142505 0.00125329
internal_weight=5400 1664 3736 1310 354 1287 2449 563 747 673 614 1937 512 467 332 231 280 363 100 307 310 307 235 154 260 128 252 232 178 1730
internal_count=5400 1664 3736 1310 354 1287 2449 563 747 673 614 1937 512 467 332 231 280 363 100 307 310 307 235 154 260 128 252 232 178 1730
is_linear=0
shrinkage=0.05


Tree=46
num_leaves=31
num_cat=0
split_feature=0 0 0 0 0 0 0 0 0 0 0 0 0 0 0 0 0 0 0 0 0 0 0 0 0 0 0 0 0 0
split_gain=2.50336 0.488161 0.325852 0.0793922 0.0768114 0.0324874 0.0220652 0.0114853 0.00831676 0.00461794 0.00358968 0.00210733 0.00181859 0.00170871 0.00160814 0.00109805 0.00087224 0.000849725 0.000656803 0.000521835 0.00050399 0.000460983 0.000326202 0.000258382 0.000258355 0.000246629 0.000223892 0.000215115 0.000188084 0.000180264
threshold=76.490000000000023 63.925000000000004 84.345000000000013 70.800000000000011 1.0000000180025095e-35 80.595000000000013 87.530000000000015 67.500000000000014 74.345000000000013 78.540000000000006 82.530000000000015 85.800000000000011 72.500000000000014 69.345000000000013 61.425000000000004 65.800000000000011 88.540000000000006 75.595000000000013 77.530000000000015 79.345000000000013 83.300000000000011 81.490000000000023 62.675000000000004 85.030000000000015 86.490000000000023 65.175000000000011 70.595000000000013 73.300000000000011 68.300000000000011 71.845000000000013
decision_type=2 2 2 2 2 2 2 2 2 2 2 2 2 2 2 2 2 2 2 2 2 2 2 2 2 2 2 2 2 2
left_child=1 4 5 7 -1 9 11 15 12 18 21 23 29 28 -6 25 -8 -10 -2 -11 -12 -7 -16 -4 -13 -3 -15 -14 -9 -5
right_child=2 3 6 8 14 10 16 13 17 19 20 24 27 26 22 -17 -18 -19 -20 -21 -22 -23 -24 -25 -26 -27 -28 -29 -30 -31
leaf_value=-0.0035302106291055682 -0.00033325617838226543 -0.0019155741052387599 0.00064667812408879407 -0.0010491933759399937 -0.0024717900902032856 0.00019322503658552323 0.0010778597014950975 -0.0014617177531195498 -0.00059446857229404442 -7.5595438761939836e-05 0.000431507465576655 0.00085085267816090355 -0.00082664255468735425 -0.0012353501718727843 -0.0022176970764027013 -0.0016385773381236758 0.0011940582434378439 -0.00043536642836707252 -0.00019374164766812111 5.2767033010618109e-05 0.00056005492319468589 0.00031556725970718989 -0.0020716789301092691 0.00075016368002826838 0.00095175442674869234 -0.0017738098278641701 -0.0011128624901175499 -0.00072973976778083075 -0.0013576283529400826 -0.00094099249690771103
leaf_weight=254 158 77 100 76 50 155 179 103 183 129 152 106 103 126 77 101 1652 155 181 205 153 153 76 152 158 51 53 129 75 78
leaf_count=254 158 77 100 76 50 155 179 103 183 129 152 106 103 126 77 101 1652 155 181 205 153 153 76 152 158 51 53 129 75 78
internal_value=9.32068e-12 -0.00154365 0.000750794 -0.00105279 -0.00295071 0.000111083 0.00110131 -0.00148545 -0.000702605 -0.000128761 0.000374403 0.00081252 -0.000861183 -0.00130816 -0.00222561 -0.00176183 0.0011827 -0.000521508 -0.000258766 3.18991e-06 0.000495992 0.000253999 -0.00214517 0.000709098 0.000911241 -0.00185909 -0.00119908 -0.000772761 -0.00141786 -0.00099439
internal_weight=5400 1767 3633 1310 457 1286 2347 586 724 673 613 516 386 357 203 229 1831 338 339 334 305 308 153 252 264 128 179 232 178 154
internal_count=5400 1767 3633 1310 457 1286 2347 586 724 673 613 516 386 357 203 229 1831 338 339 334 305 308 153 252 264 128 179 232 178 154
is_linear=0
shrinkage=0.05


Tree=47
num_leaves=31
num_cat=0
split_feature=0 0 0 0 0 0 0 0 0 0 0 0 0 0 0 0 0 0 0 0 0 0 0 0 0 0 0 0 0 0
split_gain=2.25941 0.423519 0.314869 0.0709847 0.0614991 0.0293745 0.024003 0.00992166 0.00817253 0.00420511 0.00323971 0.00222553 0.00145027 0.00122744 0.00118653 0.00114451 0.00110959 0.00106849 0.000741 0.000484499 0.000390953 0.000382758 0.000339712 0.000267699 0.000217373 0.000190035 0.000189961 0.000181113 0.0001769 0.000166649
threshold=76.280000000000015 63.300000000000004 83.990000000000023 70.595000000000013 1.0000000180025095e-35 80.240000000000023 87.290000000000006 67.050000000000011 73.300000000000011 78.300000000000011 82.050000000000011 85.595000000000013 74.820000000000007 68.750000000000014 61.425000000000004 65.175000000000011 72.050000000000011 88.540000000000006 77.290000000000006 83.095000000000013 81.040000000000006 79.345000000000013 86.490000000000023 84.790000000000006 87.740000000000023 75.595000000000013 71.250000000000014 69.550000000000011 60.205000000000005 62.050000000000004
decision_type=2 2 2 2 2 2 2 2 2 2 2 2 2 2 2 2 2 2 2 2 2 2 2 2 2 2 2 2 2 2
left_child=1 4 5 7 -1 9 11 15 16 18 20 23 -10 -9 28 -3 26 24 -2 -12 -7 -11 -13 -4 -8 -14 -5 -15 -6 -16
right_child=2 3 6 8 14 10 17 13 12 21 19 22 25 27 29 -17 -18 -19 -20 -21 -22 -23 -24 -25 -26 -27 -28 -29 -30 -31
leaf_value=-0.0033537000417709351 -0.00034546213479892863 -0.0018443115932099961 0.00058496632935622569 -0.0010483781492803246 -0.0024422483518719675 0.00013640986753671314 0.00094625034222477363 -0.0013964011662950119 -0.00066341165608416013 -8.0511210140802209e-05 0.00037005169653265879 0.00078826318821235075 -0.00052413258098942396 -0.001244298207263152 -0.002132227458059788 -0.0016197996374103241 -0.00079891337226181073 0.0011343552555086107 -0.00020335486862365959 0.00049650424656360161 0.00025071514369402498 3.0786289945743718e-05 0.0008970904657899432 0.00068765628872619533 0.001052848174590473 -0.00042737753563883282 -0.00094523602949068096 -0.0011417569554321571 -0.0022541528567671778 -0.0020152927591250494
leaf_weight=254 186 102 130 80 25 128 76 150 210 155 151 157 102 105 50 128 129 1652 181 152 180 154 132 124 129 101 101 73 25 78
leaf_count=254 186 102 130 80 25 128 76 150 210 155 151 157 102 105 50 128 129 1652 181 152 180 154 132 124 129 101 101 73 25 78
internal_value=-1.05439e-11 -0.00150047 0.000697128 -0.00104392 -0.00285429 6.61494e-05 0.00103549 -0.00146759 -0.000716932 -0.000160949 0.000317407 0.000743072 -0.000571291 -0.00129104 -0.00214165 -0.00171937 -0.000910964 0.00112099 -0.000275377 0.000433487 0.000203212 -2.50426e-05 0.00083797 0.000635098 0.00101333 -0.000475993 -0.000990824 -0.00120224 -0.0023482 -0.00206097
internal_weight=5400 1713 3687 1281 432 1287 2400 558 723 676 611 543 413 328 178 230 310 1857 367 303 308 309 289 254 205 203 181 178 50 128
internal_count=5400 1713 3687 1281 432 1287 2400 558 723 676 611 543 413 328 178 230 310 1857 367 303 308 309 289 254 205 203 181 178 50 128
is_linear=0
shrinkage=0.05


Tree=48
num_leaves=31
num_cat=0
split_feature=0 0 0 0 0 0 0 0 0 0 0 0 0 0 0 0 0 0 0 0 0 0 0 0 0 0 0 0 0 0
split_gain=2.03931 0.41252 0.247565 0.0704121 0.0625139 0.0233103 0.0180025 0.0103144 0.00711365 0.0029308 0.00286815 0.00214165 0.00170056 0.00130437 0.00109465 0.000912872 0.000903987 0.000509032 0.000365441 0.000347825 0.000310731 0.000286131 0.000275737 0.000274285 0.000267014 0.000205907 0.000187024 0.000173662 0.000159652 0.000156818
threshold=76.845000000000013 63.925000000000004 84.345000000000013 71.250000000000014 1.0000000180025095e-35 80.595000000000013 87.740000000000023 67.500000000000014 74.345000000000013 82.290000000000006 78.780000000000015 86.040000000000006 69.345000000000013 61.425000000000004 72.500000000000014 75.595000000000013 65.800000000000011 83.300000000000011 77.740000000000023 79.550000000000011 88.990000000000023 81.490000000000023 85.240000000000023 70.595000000000013 62.675000000000004 86.845000000000013 65.175000000000011 73.570000000000007 60.205000000000005 68.095000000000013
decision_type=2 2 2 2 2 2 2 2 2 2 2 2 2 2 2 2 2 2 2 2 2 2 2 2 2 2 2 2 2 2
left_child=1 4 5 7 -1 10 11 16 14 21 18 22 29 28 -5 -10 26 -11 -2 -12 -8 -7 -4 -14 -15 -13 -3 -16 -6 -9
right_child=2 3 6 8 13 9 20 12 15 17 19 25 23 24 27 -17 -18 -19 -20 -21 -22 -23 -24 -25 -26 -27 -28 -29 -30 -31
leaf_value=-0.0031860150396823884 -0.00025743668258285064 -0.001727579814660085 0.00060358018707484015 -0.00088054847016226588 -0.0023201359435915947 0.00017386721920282131 0.0010147516464181778 -0.0013514418154954911 -0.00053545611050448134 0.00038132907383227614 -4.0954589082508733e-05 0.00079800084069769352 -0.001114338179606767 -0.0020022509716354406 -0.00073626305836324514 -0.00038217220743353244 -0.0014783127325596196 0.00050569478258052295 -0.00014920850975378867 6.5155889904800507e-05 0.0010796441696584226 0.00027509728981929972 0.00070327642092178036 -0.00099595921696163706 -0.0018701424062448114 0.00088302625152163021 -0.0016041293740272522 -0.00064910759820657618 -0.0021414453163743018 -0.0012488094367086888
leaf_weight=254 157 77 150 127 25 155 209 53 183 178 157 131 126 77 130 207 101 153 155 152 1572 127 129 80 76 156 51 102 25 125
leaf_count=254 157 77 150 127 25 155 209 53 183 178 157 131 126 77 130 207 101 153 155 152 1572 127 129 80 76 156 51 102 25 125
internal_value=4.55758e-13 -0.00136333 0.000692515 -0.00092717 -0.00266322 0.000119176 0.000993964 -0.00132456 -0.000601937 0.000337903 -9.67328e-05 0.000748321 -0.00116617 -0.00200908 -0.000762543 -0.000454098 -0.00159015 0.000438815 -0.000203669 1.12422e-05 0.00107203 0.000219457 0.000649676 -0.00106837 -0.00193663 0.000844217 -0.00167839 -0.000697945 -0.00223079 -0.00127937
internal_weight=5400 1819 3581 1362 457 1234 2347 613 749 613 621 566 384 203 359 390 229 331 312 309 1781 282 279 206 153 287 128 232 50 178
internal_count=5400 1819 3581 1362 457 1234 2347 613 749 613 621 566 384 203 359 390 229 331 312 309 1781 282 279 206 153 287 128 232 50 178
is_linear=0
shrinkage=0.05


Tree=49
num_leaves=31
num_cat=0
split_feature=0 0 0 0 0 0 0 0 0 0 0 0 0 0 0 0 0 0 0 0 0 0 0 0 0 0 0 0 0 0
split_gain=1.84051 0.358894 0.239489 0.058311 0.0564188 0.0238885 0.0162473 0.00845442 0.00612774 0.0033687 0.00269398 0.00193852 0.00125452 0.00117719 0.00100726 0.00100349 0.000815848 0.000464046 0.000399049 0.000384137 0.000311921 0.000280435 0.000258891 0.000240981 0.000192507 0.000173954 0.000168789 0.000144086 0.000143664 0.000123706
threshold=76.490000000000023 63.925000000000004 84.345000000000013 70.800000000000011 1.0000000180025095e-35 80.240000000000023 87.740000000000023 67.500000000000014 73.990000000000023 82.290000000000006 78.300000000000011 85.800000000000011 69.345000000000013 61.425000000000004 75.240000000000023 72.050000000000011 65.800000000000011 83.540000000000006 81.490000000000023 77.530000000000015 79.345000000000013 88.990000000000023 86.490000000000023 62.675000000000004 85.030000000000015 70.000000000000014 65.175000000000011 60.205000000000005 68.300000000000011 73.095000000000013
decision_type=2 2 2 2 2 2 2 2 2 2 2 2 2 2 2 2 2 2 2 2 2 2 2 2 2 2 2 2 2 2
left_child=1 4 5 7 -1 10 11 16 15 18 19 24 28 27 -10 -5 26 -11 -7 -2 -12 -8 -13 -15 -4 -14 -3 -6 -9 -17
right_child=2 3 6 8 13 9 21 12 14 17 20 22 25 23 -16 29 -18 -19 -20 -21 -22 -23 -24 -25 -26 -27 -28 -29 -30 -31
leaf_value=-0.0030267143622040751 -0.00028556505294776037 -0.0016412007634515888 0.00055373596167191872 -0.00086973741563269871 -0.0022041290998458863 0.00014865653503469184 0.00096401405436071495 -0.0012537307964945303 -0.00055257805874822912 0.00037016314134805231 -7.265696839068927e-05 0.00073020326122993006 -0.0010840294524454154 -0.00190213845147715 -0.00039165764263399496 -0.0007411095003286998 -0.0014043971057059153 0.00049190708201407921 0.00026134242831663354 -0.0001747774998957832 2.7815108229309795e-05 0.0010256620123982429 0.00082621163545319666 -0.0017766353233080161 0.00064306080427118826 -0.00098462491157916515 -0.0015239228494465353 -0.0020343730226159095 -0.0011627593114972115 -0.00066122797506977808
leaf_weight=254 158 77 100 128 25 206 209 103 185 204 155 106 78 77 205 78 101 127 127 155 154 1572 208 76 152 101 51 25 75 128
leaf_count=254 158 77 100 128 25 206 209 103 185 204 155 106 78 77 205 78 101 127 127 155 154 1572 208 76 152 101 51 25 75 128
internal_value=1.20607e-11 -0.0013236 0.000643766 -0.000902722 -0.00253006 9.5343e-05 0.000944266 -0.00127351 -0.000602606 0.000303914 -0.000127312 0.000710905 -0.00112141 -0.00190863 -0.000467992 -0.000759791 -0.00151064 0.000416875 0.000191633 -0.000230702 -2.25835e-05 0.00101843 0.000793801 -0.0018398 0.000607614 -0.00102794 -0.00159447 -0.00211925 -0.0012154 -0.000691474
internal_weight=5400 1767 3633 1310 457 1286 2347 586 724 664 622 566 357 203 390 334 229 331 333 313 309 1781 314 153 252 179 128 50 178 206
internal_count=5400 1767 3633 1310 457 1286 2347 586 724 664 622 566 357 203 390 334 229 331 333 313 309 1781 314 153 252 179 128 50 178 206
is_linear=0
shrinkage=0.05


Tree=50
num_leaves=31
num_cat=0
split_feature=0 0 0 0 0 0 0 0 0 0 0 0 0 0 0 0 0 0 0 0 0 0 0 0 0 0 0 0 0 0
split_gain=1.66129 0.300211 0.245906 0.0615074 0.0260954 0.0213137 0.0205853 0.00914527 0.00749723 0.00301425 0.00234883 0.00206974 0.00135018 0.00113032 0.000898907 0.000788369 0.000561952 0.000476951 0.000394821 0.000347005 0.000305542 0.00030541 0.000286485 0.000263455 0.000260581 0.000244051 0.00014744 0.000128121 0.00011845 0.000108662
threshold=75.800000000000011 62.050000000000004 83.780000000000015 69.550000000000011 1.0000000180025095e-35 80.030000000000015 87.290000000000006 66.425000000000011 72.500000000000014 78.095000000000013 81.845000000000013 85.595000000000013 74.550000000000011 63.925000000000004 68.095000000000013 88.540000000000006 71.250000000000014 76.845000000000013 60.205000000000005 82.740000000000023 78.990000000000023 80.800000000000011 84.790000000000006 65.175000000000011 73.570000000000007 86.490000000000023 87.740000000000023 68.750000000000014 75.240000000000023 67.500000000000014
decision_type=2 2 2 2 2 2 2 2 2 2 2 2 2 2 2 2 2 2 2 2 2 2 2 2 2 2 2 2 2 2
left_child=1 4 5 7 -1 9 11 13 16 17 21 22 24 -3 29 26 -5 -2 -6 -12 -11 -7 -4 -15 -10 -13 -8 -16 -14 -9
right_child=2 3 6 8 18 10 15 14 12 20 19 25 28 23 27 -17 -18 -19 -20 -21 -22 -23 -24 -25 -26 -27 -28 -29 -30 -31
leaf_value=-0.0028753785416483881 -0.00033281531395210377 -0.0017077151704037075 0.00049084046850365968 -0.00093663316585269624 -0.0020939227193593978 9.1239098004404124e-05 0.00081347596684568806 -0.0013147118203341961 -0.00066479090529565632 -0.00010345091943282826 0.00028354998046000091 0.00067620822287811221 -0.00048396682449251041 -0.0015591407823678735 -0.0011531307425809232 0.00097267857660284635 -0.00079435086332437562 -0.00021694759321130386 -0.0018644825244943303 0.0003898665144601289 -4.1704731644698201e-06 0.0001909803077913334 0.00058971963252031038 -0.0014283451517777784 -0.00056894121882625117 0.00076844881105264933 0.00090126745373934739 -0.0010668856393368472 -0.0004024095933738293 -0.0012211832217872143
leaf_weight=254 155 103 179 153 25 154 76 75 130 156 154 157 79 77 73 1652 127 208 75 153 154 153 124 77 156 132 129 105 102 53
leaf_count=254 155 103 179 153 25 154 76 75 130 156 154 157 79 77 73 1652 127 208 75 153 154 153 124 77 156 132 129 105 102 53
internal_value=-9.4549e-12 -0.00131408 0.000585287 -0.000964964 -0.00260602 2.57149e-05 0.000879354 -0.00135961 -0.000667529 -0.000168636 0.000238741 0.000622611 -0.000544875 -0.0015795 -0.00117493 0.000961202 -0.000872098 -0.000266423 -0.00192184 0.000336535 -5.4131e-05 0.000140947 0.000531306 -0.00149374 -0.000612509 0.000718339 0.00086872 -0.00110226 -0.000438006 -0.00127599
internal_weight=5400 1664 3736 1310 354 1287 2449 563 747 673 614 592 467 257 306 1857 280 363 100 307 310 307 303 154 286 289 205 178 181 128
internal_count=5400 1664 3736 1310 354 1287 2449 563 747 673 614 592 467 257 306 1857 280 363 100 307 310 307 303 154 286 289 205 178 181 128
is_linear=0
shrinkage=0.05


Tree=51
num_leaves=31
num_cat=0
split_feature=0 0 0 0 0 0 0 0 0 0 0 0 0 0 0 0 0 0 0 0 0 0 0 0 0 0 0 0 0 0
split_gain=1.49931 0.270958 0.221952 0.0508535 0.029746 0.0200176 0.0180445 0.00767406 0.00590958 0.0023814 0.00218944 0.00152307 0.00137738 0.000983507 0.000917595 0.000768764 0.000743098 0.000474295 0.000327521 0.000281189 0.000273419 0.000267682 0.000171758 0.000165611 0.000164177 0.000156885 0.000133962 0.00012441 0.000112195 0.000107695
threshold=75.800000000000011 62.675000000000004 83.540000000000006 70.000000000000014 1.0000000180025095e-35 86.845000000000013 79.550000000000011 66.425000000000011 73.095000000000013 81.490000000000023 77.740000000000023 88.095000000000013 85.240000000000023 68.095000000000013 74.820000000000007 71.845000000000013 64.550000000000011 61.425000000000004 82.740000000000023 76.845000000000013 80.595000000000013 78.540000000000006 86.280000000000015 68.750000000000014 84.550000000000011 73.990000000000023 63.300000000000004 88.990000000000023 60.205000000000005 70.595000000000013
decision_type=2 2 2 2 2 2 2 2 2 2 2 2 2 2 2 2 2 2 2 2 2 2 2 2 2 2 2 2 2 2
left_child=1 4 6 7 -1 12 10 16 15 20 19 -7 24 -9 25 29 26 28 -11 -2 -8 -12 -14 -15 -4 -10 -3 -13 -6 -5
right_child=2 3 5 8 17 11 9 13 14 18 21 27 22 23 -16 -17 -18 -19 -20 -21 -22 -23 -24 -25 -26 -27 -28 -29 -30 -31
leaf_value=-0.0027316097170114518 -0.00031617455860419622 -0.0016232691705226898 0.00045509046287010505 -0.00092127006500959403 -0.0019892266020178797 0.00077798269770067673 5.5455963076000395e-05 -0.0012121858802856878 -0.00059679909536498605 0.00025694753350735889 -0.00013588500540488615 0.00087920075777588025 0.0006106258011781252 -0.0010954742383671133 -0.00040338405577296563 -0.00069720098748803137 -0.0013798492219190576 -0.0017165559210947584 0.00035907694655179512 -0.00022123862646674373 0.0001498329227850322 -4.1945198826906964e-05 0.00069357962347567088 -0.0010013657113393914 0.00053559602285754317 -0.00051925474238630968 -0.0015185152155984391 0.00092574497684836396 -0.0018394302576780321 -0.00083354200965674345
leaf_weight=254 155 51 179 48 25 207 152 128 128 203 130 158 156 73 154 130 103 77 128 157 155 182 104 130 98 133 76 1572 25 129
leaf_count=254 155 51 179 48 25 207 152 128 128 203 130 158 156 73 154 130 103 77 128 157 155 182 104 130 98 133 76 1572 25 129
internal_value=6.74582e-12 -0.00124838 0.000556023 -0.000900687 -0.00241921 0.000831272 1.64303e-05 -0.0012578 -0.000623208 0.00020341 -0.000174745 0.000906158 0.000561154 -0.00110365 -0.000500174 -0.000789524 -0.00147965 -0.00179442 0.000296442 -0.000268402 0.000103106 -8.10868e-05 0.000643807 -0.00103521 0.000483573 -0.000557284 -0.00156058 0.000921494 -0.00191433 -0.000857333
internal_weight=5400 1664 3736 1283 381 2474 1262 561 722 638 624 1937 537 331 415 307 230 127 331 312 307 312 260 203 277 261 127 1730 50 177
internal_count=5400 1664 3736 1283 381 2474 1262 561 722 638 624 1937 537 331 415 307 230 127 331 312 307 312 260 203 277 261 127 1730 50 177
is_linear=0
shrinkage=0.05


Tree=52
num_leaves=31
num_cat=0
split_feature=0 0 0 0 0 0 0 0 0 0 0 0 0 0 0 0 0 0 0 0 0 0 0 0 0 0 0 0 0 0
split_gain=1.3532 0.25368 0.18854 0.0424963 0.0367478 0.0175823 0.0143982 0.00596899 0.00488572 0.00251967 0.00194707 0.00133565 0.000877047 0.000718988 0.000716451 0.000670228 0.000666539 0.000636508 0.000385001 0.000305178 0.000290983 0.000250255 0.000242969 0.000123479 0.000111969 0.000111446 0.00010947 0.000102658 0.000101256 0.000100806
threshold=76.280000000000015 63.300000000000004 83.990000000000023 70.595000000000013 1.0000000180025095e-35 80.240000000000023 87.290000000000006 67.050000000000011 73.300000000000011 78.095000000000013 82.050000000000011 85.800000000000011 74.820000000000007 68.750000000000014 61.425000000000004 72.050000000000011 65.175000000000011 88.540000000000006 78.990000000000023 83.095000000000013 77.290000000000006 84.790000000000006 81.040000000000006 87.740000000000023 75.595000000000013 71.845000000000013 69.550000000000011 62.050000000000004 60.205000000000005 86.490000000000023
decision_type=2 2 2 2 2 2 2 2 2 2 2 2 2 2 2 2 2 2 2 2 2 2 2 2 2 2 2 2 2 2
left_child=1 4 5 7 -1 9 11 16 15 20 22 21 -10 -9 28 25 -3 23 -11 -12 -2 -4 -7 -8 -14 -5 -15 -16 -6 -13
right_child=2 3 6 8 14 10 17 13 12 18 19 29 24 26 27 -17 -18 -19 -20 -21 -22 -23 -24 -25 -26 -27 -28 -29 -30 -31
leaf_value=-0.002595029212534428 -0.00026802851202627345 -0.0014263138868937306 0.00045303725494215126 -0.00079186493422576162 -0.0018897652626037598 0.00010444248318890459 0.00073390299037687093 -0.0010793762728571893 -0.00051389507394993591 -9.3802508714501385e-05 0.00028527876368372252 0.00062731665928127643 -0.00040509978756673781 -0.00096347307076766371 -0.001651344820857048 -0.00061780353033438675 -0.001254980677185813 0.0008778701315365605 1.0323457419289501e-05 0.00038563806784192196 -0.00017007797232508894 0.00054462143672364099 0.00019455384223773662 0.00081424488173436759 -0.00033083112500054709 -0.00070515968836843974 -0.00088375218927043767 -0.0015595668317893378 -0.0017474588006734849 0.00069278972717284253
leaf_weight=254 186 102 130 129 25 128 76 150 210 156 151 106 102 105 50 129 128 1652 206 152 128 175 180 129 101 52 73 78 25 132
leaf_count=254 186 102 130 129 25 128 76 150 210 156 151 106 102 105 50 129 128 1652 206 152 128 175 180 129 101 52 73 78 25 132
internal_value=-3.70604e-12 -0.00116121 0.000539505 -0.000807864 -0.00220898 5.12452e-05 0.000801335 -0.00113567 -0.000554865 -0.000124452 0.000245634 0.000574857 -0.000442257 -0.000998735 -0.00165811 -0.000704889 -0.00133096 0.000867558 -3.45485e-05 0.000335624 -0.0002281 0.000505586 0.000157105 0.00078446 -0.000368148 -0.000766955 -0.000930779 -0.00159542 -0.00181861 0.000663629
internal_weight=5400 1713 3687 1281 432 1287 2400 558 723 676 611 543 413 328 178 310 230 1857 362 303 314 305 308 205 203 181 178 128 50 238
internal_count=5400 1713 3687 1281 432 1287 2400 558 723 676 611 543 413 328 178 310 230 1857 362 303 314 305 308 205 203 181 178 128 50 238
is_linear=0
shrinkage=0.05


Tree=53
num_leaves=31
num_cat=0
split_feature=0 0 0 0 0 0 0 0 0 0 0 0 0 0 0 0 0 0 0 0 0 0 0 0 0 0 0 0 0 0
split_gain=1.22129 0.247062 0.148262 0.0421798 0.0373804 0.0139641 0.0107767 0.00619229 0.00429816 0.00176587 0.00171969 0.00128423 0.00101524 0.000789565 0.000643706 0.000550897 0.00054151 0.000249388 0.00022242 0.00021798 0.000209747 0.000190694 0.000165793 0.000164114 0.000160988 0.000123882 0.000103228 9.8195e-05 9.37891e-05 9.13832e-05
threshold=76.845000000000013 63.925000000000004 84.345000000000013 71.250000000000014 1.0000000180025095e-35 80.595000000000013 87.740000000000023 67.500000000000014 74.345000000000013 82.530000000000015 78.780000000000015 86.040000000000006 69.345000000000013 61.425000000000004 72.500000000000014 65.800000000000011 75.595000000000013 83.540000000000006 81.490000000000023 77.530000000000015 79.550000000000011 88.990000000000023 85.240000000000023 70.595000000000013 62.675000000000004 86.845000000000013 65.175000000000011 73.570000000000007 68.095000000000013 60.205000000000005
decision_type=2 2 2 2 2 2 2 2 2 2 2 2 2 2 2 2 2 2 2 2 2 2 2 2 2 2 2 2 2 2
left_child=1 4 5 7 -1 10 11 15 14 18 19 22 28 29 -5 26 -10 -11 -7 -2 -12 -8 -4 -14 -15 -13 -3 -16 -9 -6
right_child=2 3 6 8 13 9 21 12 16 17 20 25 23 24 27 -17 -18 -19 -20 -21 -22 -23 -24 -25 -26 -27 -28 -29 -30 -31
leaf_value=-0.0024652777239680293 -0.00021595175219875462 -0.0013362833879307493 0.00046701275991896797 -0.00068110659953177449 -0.0017952769994735718 0.00013485183315952459 0.00078472824851897628 -0.0010455459356307985 -0.000413518575086294 0.00030860465067030678 -3.1811754004616411e-05 0.0006175545769395264 -0.00086233516608084015 -0.0015497699428301355 -0.0005698922287242918 -0.0011435490682499834 -0.00029546069577426296 0.00040032076722700297 0.00021983263527158817 -0.00012771096659792606 5.0588019879988251e-05 0.00083556417375803 0.00054431908850579767 -0.00077076673740521077 -0.0014471905698117456 0.00068350499495863917 -0.0012445679865777494 -0.0005043551827981777 -0.00096617466211318967 -0.0016600858420133592
leaf_weight=254 106 77 150 127 25 155 209 53 183 178 157 131 126 77 130 101 207 127 153 206 152 1572 129 80 76 156 51 102 125 25
leaf_count=254 106 77 150 127 25 155 209 53 183 178 157 131 126 77 130 101 207 127 153 206 152 1572 129 80 76 156 51 102 125 25
internal_value=-2.09174e-12 -0.00105504 0.000535916 -0.000717498 -0.00206101 9.2224e-05 0.000769199 -0.00102507 -0.000465774 0.000261515 -7.48863e-05 0.000579144 -0.000902347 -0.00155519 -0.000590615 -0.00123085 -0.000350857 0.000346795 0.000177066 -0.00015769 8.72147e-06 0.000829599 0.000502757 -0.000826775 -0.00149882 0.000653402 -0.00129974 -0.000541079 -0.000989808 -0.00172768
internal_weight=5400 1819 3581 1362 457 1234 2347 613 749 613 621 566 384 203 359 229 390 305 308 312 309 1781 279 206 153 287 128 232 178 50
internal_count=5400 1819 3581 1362 457 1234 2347 613 749 613 621 566 384 203 359 229 390 305 308 312 309 1781 279 206 153 287 128 232 178 50
is_linear=0
shrinkage=0.05


Tree=54
num_leaves=31
num_cat=0
split_feature=0 0 0 0 0 0 0 0 0 0 0 0 0 0 0 0 0 0 0 0 0 0 0 0 0 0 0 0 0 0
split_gain=1.1023 0.206644 0.153548 0.0345859 0.0299142 0.0161775 0.0097324 0.00486864 0.00398419 0.00205948 0.0020276 0.000931851 0.000682443 0.000600751 0.000590539 0.000581601 0.000536982 0.000383382 0.000311782 0.000287823 0.000245769 0.000233113 0.000114437 0.000105466 9.39051e-05 9.22024e-05 8.56584e-05 8.48504e-05 8.24734e-05 8.2415e-05
threshold=76.280000000000015 63.300000000000004 84.345000000000013 70.595000000000013 1.0000000180025095e-35 80.240000000000023 87.530000000000015 67.050000000000011 73.570000000000007 78.095000000000013 82.290000000000006 85.800000000000011 72.050000000000011 74.820000000000007 68.750000000000014 61.425000000000004 65.175000000000011 88.540000000000006 78.990000000000023 83.095000000000013 81.280000000000015 77.050000000000011 85.030000000000015 86.490000000000023 71.845000000000013 69.550000000000011 62.050000000000004 75.595000000000013 60.205000000000005 65.800000000000011
decision_type=2 2 2 2 2 2 2 2 2 2 2 2 2 2 2 2 2 2 2 2 2 2 2 2 2 2 2 2 2 2
left_child=1 4 5 7 -1 9 11 16 12 21 20 22 24 -10 -9 28 -3 -8 -11 -12 -7 -2 -4 -13 -5 -16 -17 -15 -6 -18
right_child=2 3 6 8 15 10 17 14 13 18 19 23 -14 27 25 26 29 -19 -20 -21 -22 -23 -24 -25 -26 -27 -28 -29 -30 -31
leaf_value=-0.002342013828456402 -0.00024825400818372149 -0.0012868248273198513 0.00042862764000892644 -0.00071543618105351925 -0.0017055131494998932 0.00010148890109525787 0.00071528466579676012 -0.00097427753979961078 -0.00045692350109784651 -8.4325156767124269e-05 0.00026335485671306885 0.00056600581617358159 -0.00054987303536528588 -0.00036416885890431855 -0.00086961139880475545 -0.0014912890270352365 -0.0011823396198451519 0.00079232150774458132 9.3778794833692528e-06 0.00035937984667082389 0.00018768218960354312 -0.00016207574948354009 0.00049749803208549949 0.00063047407230338724 -0.00063584637828171262 -0.00079644780784641231 -0.0014074536004605202 -0.00029951654429925551 -0.0015770815312862398 -0.0011003898831640747
leaf_weight=254 160 102 100 129 25 153 179 150 183 156 126 106 156 102 105 50 51 1652 206 205 180 154 152 158 52 73 78 101 25 77
leaf_count=254 160 102 100 129 25 153 179 150 183 156 126 106 156 102 105 50 51 1652 206 205 180 154 152 158 52 73 78 101 25 77
internal_value=-2.22153e-12 -0.00104805 0.000486929 -0.000729138 -0.00199371 5.98978e-05 0.000730739 -0.00102487 -0.000500897 -0.000112283 0.00023519 0.000538942 -0.000626515 -0.000391226 -0.000901194 -0.00149669 -0.00120124 0.00078479 -3.10024e-05 0.000322827 0.00014808 -0.000205988 0.000470169 0.000604589 -0.000692571 -0.000839606 -0.0014402 -0.000332002 -0.0016413 -0.00113304
internal_weight=5400 1713 3687 1281 432 1340 2347 558 723 676 664 516 337 386 328 178 230 1831 362 331 333 314 252 264 181 178 128 203 50 128
internal_count=5400 1713 3687 1281 432 1340 2347 558 723 676 664 516 337 386 328 178 230 1831 362 331 333 314 252 264 181 178 128 203 50 128
is_linear=0
shrinkage=0.05


Tree=55
num_leaves=31
num_cat=0
split_feature=0 0 0 0 0 0 0 0 0 0 0 0 0 0 0 0 0 0 0 0 0 0 0 0 0 0 0 0 0 0
split_gain=0.994869 0.19403 0.129412 0.031521 0.0304221 0.0129054 0.00879987 0.00458472 0.00334855 0.00184469 0.00144776 0.00104398 0.000705129 0.00067331 0.000640388 0.000440348 0.000338393 0.000272805 0.000270206 0.000211043 0.000155574 0.000136297 0.000131598 0.000125156 0.00010328 9.01733e-05 8.23258e-05 8.0232e-05 7.98274e-05 7.78178e-05
threshold=76.490000000000023 63.925000000000004 84.345000000000013 70.800000000000011 1.0000000180025095e-35 80.595000000000013 87.740000000000023 67.500000000000014 74.345000000000013 78.300000000000011 82.740000000000023 85.800000000000011 72.500000000000014 69.345000000000013 61.425000000000004 65.800000000000011 75.240000000000023 79.345000000000013 81.490000000000023 77.290000000000006 88.990000000000023 86.845000000000013 62.675000000000004 83.540000000000006 85.030000000000015 70.000000000000014 65.175000000000011 71.845000000000013 68.095000000000013 73.300000000000011
decision_type=2 2 2 2 2 2 2 2 2 2 2 2 2 2 2 2 2 2 2 2 2 2 2 2 2 2 2 2 2 2
left_child=1 4 5 7 -1 9 11 15 12 19 18 24 27 28 -6 26 -10 -11 -7 -2 -8 -13 -16 -12 -4 -15 -3 -5 -9 -14
right_child=2 3 6 8 14 10 20 13 16 17 23 21 29 25 22 -17 -18 -19 -20 -21 -22 -23 -24 -25 -26 -27 -28 -29 -30 -31
leaf_value=-0.0022249132394790649 -0.00021786098633046178 -0.0012051279922681195 0.00040719625540077688 -0.00066314038612242602 -0.0015592323616147041 0.00012156116937647665 0.00070825319505479355 -0.00094455471262335779 -0.00039021091052520102 -5.3875534607458015e-05 0.00029227759878267537 0.0005505617864170596 -0.000520981451749657 -0.00079618190677884296 -0.001399186852255038 -0.0010328504662628813 -0.0002878023058221471 3.4027605155997888e-05 0.00020922999072067549 -0.00013472262148627015 0.000754169886931777 0.00061644688965036324 -0.0013064424237726551 0.00036233573799996868 0.00047262311992725658 -0.00072461250192015476 -0.00112322261556983 -0.00059095487619439772 -0.00087132911458611502 -0.00046269872168064585
leaf_weight=254 132 77 100 76 50 155 209 53 133 155 128 158 103 78 77 101 205 205 203 181 1572 156 76 127 152 101 51 78 125 129
leaf_count=254 132 77 100 76 50 155 209 53 133 155 128 158 103 78 77 101 205 205 203 181 1572 156 76 127 152 101 51 78 125 129
internal_value=-7.99524e-12 -0.000973129 0.000473306 -0.000663666 -0.00186021 7.01605e-05 0.000694202 -0.000936284 -0.000443011 -8.10067e-05 0.000236124 0.000522461 -0.000543633 -0.000824273 -0.00140388 -0.0011109 -0.000328099 -3.81958e-06 0.000171273 -0.000169784 0.000748782 0.000583295 -0.00135312 0.000327169 0.00044666 -0.000755799 -0.00117249 -0.000626579 -0.000893132 -0.000488574
internal_weight=5400 1767 3633 1310 457 1286 2347 586 724 673 613 566 386 357 203 229 338 360 358 313 1781 314 153 255 252 179 128 154 178 232
internal_count=5400 1767 3633 1310 457 1286 2347 586 724 673 613 566 386 357 203 229 338 360 358 313 1781 314 153 255 252 179 128 154 178 232
is_linear=0
shrinkage=0.05


Tree=56
num_leaves=31
num_cat=0
split_feature=0 0 0 0 0 0 0 0 0 0 0 0 0 0 0 0 0 0 0 0 0 0 0 0 0 0 0 0 0 0
split_gain=0.897956 0.165273 0.128885 0.0269686 0.0243516 0.0111339 0.0109514 0.00396609 0.00296547 0.00146315 0.00127358 0.000991191 0.000576382 0.000497894 0.000482473 0.000472163 0.00044748 0.000432658 0.000221987 0.000180557 0.000159907 0.000159382 0.000148614 0.000106097 7.57372e-05 7.44322e-05 7.4044e-05 7.3429e-05 7.15327e-05 6.65807e-05
threshold=76.040000000000006 63.300000000000004 83.780000000000015 70.595000000000013 1.0000000180025095e-35 87.050000000000011 80.030000000000015 67.050000000000011 73.300000000000011 78.095000000000013 81.845000000000013 85.595000000000013 88.095000000000013 74.820000000000007 68.750000000000014 61.425000000000004 72.050000000000011 65.175000000000011 77.050000000000011 83.095000000000013 81.040000000000006 78.990000000000023 84.790000000000006 86.280000000000015 71.250000000000014 60.205000000000005 88.990000000000023 69.550000000000011 62.050000000000004 66.425000000000011
decision_type=2 2 2 2 2 2 2 2 2 2 2 2 2 2 2 2 2 2 2 2 2 2 2 2 2 2 2 2 2 2
left_child=1 4 6 7 -1 11 9 17 16 18 20 22 -7 -10 -9 25 24 -3 -2 -12 -8 -11 -4 -13 -5 -6 -14 -16 -17 -19
right_child=2 3 5 8 15 12 10 14 13 21 19 23 26 -15 27 28 -18 29 -20 -21 -22 -23 -24 -25 -26 -27 -28 -29 -30 -31
leaf_value=-0.0021136675029993059 -0.00022789626281060602 -0.0011609855811020324 0.00036126183405747465 -0.00066126332036219547 -0.0015422757714986801 0.00061193517153607872 7.3494001990184193e-05 -0.00087941133168836436 -0.00041913245117203112 -7.6041758009710189e-05 0.00022058074485839291 0.00048411596965576922 0.00068055408818152143 -0.00030563735278250453 -0.00078446095898037868 -0.001346765272319317 -0.00050305008722194874 -0.001052294723544415 -0.00014653401615630305 0.00030179122820026379 0.00014676540186188706 -4.3369394762675103e-06 0.00043247886370086384 0.00054896083554323717 -0.00059613675469219094 -0.0014202658087015152 0.00071646142750978479 -0.00071916927723851933 -0.0012701535848184276 -0.00097863692790269865
leaf_weight=254 184 102 179 80 25 153 180 150 210 156 204 105 158 179 105 50 129 77 154 103 127 154 124 158 101 25 1572 73 78 51
leaf_count=254 184 102 179 80 25 153 180 150 210 156 204 105 158 179 105 50 129 77 154 103 127 154 124 158 101 25 1572 73 78 51
internal_value=6.67296e-12 -0.000955722 0.000434981 -0.000665766 -0.00179941 0.000646506 2.4502e-05 -0.000924977 -0.000458843 -0.000118873 0.000175816 0.000452052 0.000704955 -0.000366907 -0.000813352 -0.00135098 -0.000574208 -0.00108416 -0.000190826 0.000247827 0.000103805 -4.04207e-05 0.000390407 0.000523072 -0.000624922 -0.00148127 0.000713182 -0.000757684 -0.00130008 -0.00102295
internal_weight=5400 1689 3711 1257 432 2449 1262 558 699 648 614 566 1883 389 328 178 310 230 338 307 307 310 303 263 181 50 1730 178 128 128
internal_count=5400 1689 3711 1257 432 2449 1262 558 699 648 614 566 1883 389 328 178 310 230 338 307 307 310 303 263 181 50 1730 178 128 128
is_linear=0
shrinkage=0.05


Tree=57
num_leaves=31
num_cat=0
split_feature=0 0 0 0 0 0 0 0 0 0 0 0 0 0 0 0 0 0 0 0 0 0 0 0 0 0 0 0 0 0
split_gain=0.810449 0.163967 0.0983549 0.0279549 0.0247586 0.0104489 0.0059113 0.0041162 0.00286516 0.00145138 0.00119233 0.00067061 0.000622284 0.000519329 0.000422786 0.000358095 0.000355543 0.000226924 0.000148549 0.000144771 0.000132248 0.000123969 0.000107501 0.000106832 7.47212e-05 6.80115e-05 6.7175e-05 6.43173e-05 6.177e-05 5.27822e-05
threshold=76.845000000000013 63.925000000000004 84.550000000000011 71.250000000000014 1.0000000180025095e-35 80.800000000000011 87.740000000000023 67.500000000000014 74.345000000000013 78.990000000000023 82.740000000000023 69.345000000000013 86.280000000000015 61.425000000000004 72.500000000000014 75.595000000000013 65.800000000000011 77.740000000000023 83.540000000000006 80.030000000000015 81.845000000000013 88.990000000000023 62.675000000000004 70.595000000000013 85.240000000000023 68.095000000000013 60.205000000000005 64.550000000000011 73.570000000000007 86.845000000000013
decision_type=2 2 2 2 2 2 2 2 2 2 2 2 2 2 2 2 2 2 2 2 2 2 2 2 2 2 2 2 2 2
left_child=1 4 5 7 -1 9 12 16 14 17 20 25 24 26 -5 -10 27 -2 -12 -11 -7 -8 -15 -13 -4 -9 -6 -3 -16 -14
right_child=2 3 6 8 13 10 21 11 15 19 18 23 29 22 28 -17 -18 -19 -20 -21 -22 -23 -24 -25 -26 -27 -28 -29 -30 -31
leaf_value=-0.002007984183728695 -0.00016264679610349572 -0.0011015352793037891 0.00039346997212732636 -0.00055480932662864836 -0.0014651619829237463 0.00013301381422815468 0.00063965004004324169 -0.00085335643962025642 -0.00033667627442119231 -4.1200925936988956e-06 0.0002641603001393378 -0.00070207974215644219 0.00051013214979320762 -0.0012632324952970852 -0.00046417907489320405 -0.00024067200484105211 -0.00093250695874195285 -8.293431770204958e-05 0.00033470149120763362 6.4439005059698101e-05 0.00019864770787913209 0.00068063833750784406 -0.0011794081251872215 -0.00062820012739393859 0.0004491800236372421 -0.00078576707690954225 -0.0013492525555193426 -0.0010291402881311906 -0.00041219969645288649 0.00055611772546305873
leaf_weight=254 157 51 98 127 25 153 209 53 183 154 128 126 104 77 130 207 101 207 179 154 154 1572 76 80 156 125 25 77 102 156
leaf_count=254 157 51 98 127 25 153 209 53 183 154 128 126 104 77 130 207 101 207 179 154 154 1572 76 80 156 125 25 77 102 156
internal_value=-3.29601e-12 -0.000859452 0.000436566 -0.000584472 -0.00167898 8.6511e-05 0.000632719 -0.000834865 -0.000379545 -4.9723e-05 0.000235614 -0.000734809 0.000483347 -0.00126731 -0.000481472 -0.00028572 -0.00100264 -0.000117316 0.00030529 3.01595e-05 0.000165938 0.000675828 -0.00122159 -0.000673389 0.000427686 -0.000805892 -0.00140721 -0.00105799 -0.000441326 0.000537723
internal_weight=5400 1819 3581 1362 457 1286 2295 613 749 672 614 384 514 203 359 390 229 364 307 308 307 1781 153 206 254 178 50 128 232 260
internal_count=5400 1819 3581 1362 457 1286 2295 613 749 672 614 384 514 203 359 390 229 364 307 308 307 1781 153 206 254 178 50 128 232 260
is_linear=0
shrinkage=0.05


Tree=58
num_leaves=31
num_cat=0
split_feature=0 0 0 0 0 0 0 0 0 0 0 0 0 0 0 0 0 0 0 0 0 0 0 0 0 0 0 0 0 0
split_gain=0.731491 0.13221 0.108249 0.0270663 0.0114285 0.00976154 0.00883401 0.00404563 0.00329212 0.00117463 0.00103409 0.000898225 0.00061078 0.000498088 0.000471138 0.000403815 0.000246349 0.000177402 0.000160358 0.000157745 0.000143333 0.000136681 0.000112038 0.000106381 0.000100897 8.4206e-05 5.90363e-05 5.57475e-05 5.17681e-05 4.76691e-05
threshold=75.800000000000011 62.050000000000004 83.540000000000006 69.550000000000011 1.0000000180025095e-35 87.050000000000011 79.790000000000006 66.425000000000011 72.500000000000014 77.740000000000023 81.490000000000023 85.595000000000013 74.345000000000013 63.925000000000004 88.095000000000013 68.095000000000013 71.250000000000014 60.205000000000005 82.740000000000023 78.540000000000006 84.550000000000011 76.845000000000013 75.240000000000023 65.175000000000011 80.595000000000013 86.280000000000015 88.990000000000023 73.570000000000007 68.750000000000014 67.500000000000014
decision_type=2 2 2 2 2 2 2 2 2 2 2 2 2 2 2 2 2 2 2 2 2 2 2 2 2 2 2 2 2 2
left_child=1 4 6 7 -1 11 9 13 16 21 24 20 27 -3 -7 29 -5 -6 -12 -11 -4 -2 -14 -15 -8 -13 -16 -10 -17 -9
right_child=2 3 5 8 17 14 10 15 12 19 18 25 22 23 26 28 -18 -19 -20 -21 -22 -23 -24 -25 -26 -27 -28 -29 -30 -31
leaf_value=-0.0019075850024819375 -0.00022070343966685958 -0.0011334510447764859 0.00031796641616598192 -0.00062127456896834911 -0.0013919039629399776 0.00055214031964686573 4.4712104561487935e-05 -0.00087263630330562604 -0.00044097014380475646 -9.551834749380271e-05 0.00017949007635046109 0.00043745116729821477 -0.00033512863162484837 -0.0010329677916869715 0.00061454387658711859 -0.00076288371984783109 -0.00052706885928889427 -0.0012381068741281829 0.00025095228338614108 -2.5043562194089947e-05 0.00038435006742334408 -0.00015451445245735681 -0.00026547236039358026 -0.00094985444848607117 0.00010444228248220058 0.00049522034057616438 0.00064660641364753255 -0.00039158970227136332 -0.0007080616762063334 -0.00081068864092230801
leaf_weight=254 155 103 179 153 25 153 130 75 130 130 203 105 133 77 158 73 127 75 128 204 149 157 102 77 155 158 1572 102 105 53
leaf_count=254 155 103 179 153 25 153 130 75 130 130 203 105 133 77 158 73 127 75 128 204 149 157 102 77 155 158 1572 102 105 53
internal_value=-8.37564e-12 -0.000871976 0.000388375 -0.000640294 -0.00172933 0.000580599 1.15415e-05 -0.000902085 -0.000442987 -0.000117638 0.000147012 0.000403319 -0.00036171 -0.00104834 0.00063624 -0.000779252 -0.000578546 -0.00127656 0.000207125 -5.24739e-05 0.000348122 -0.000187397 -0.000304895 -0.000991411 7.71969e-05 0.000472157 0.000643678 -0.00041926 -0.000730545 -0.000846986
internal_weight=5400 1664 3736 1310 354 2474 1262 563 747 646 616 591 467 257 1883 306 280 100 331 334 328 312 235 154 285 263 1730 232 178 128
internal_count=5400 1664 3736 1310 354 2474 1262 563 747 646 616 591 467 257 1883 306 280 100 331 334 328 312 235 154 285 263 1730 232 178 128
is_linear=0
shrinkage=0.05


Tree=59
num_leaves=31
num_cat=0
split_feature=0 0 0 0 0 0 0 0 0 0 0 0 0 0 0 0 0 0 0 0 0 0 0 0 0 0 0 0 0 0
split_gain=0.660183 0.123774 0.0919785 0.0207056 0.0178755 0.00858135 0.00702581 0.00291148 0.0023723 0.00123521 0.000966002 0.000646974 0.00041132 0.000366066 0.000352638 0.000351029 0.000314306 0.000313796 0.000218872 0.000143216 0.000116704 0.000114336 9.50048e-05 7.34478e-05 5.98167e-05 5.32774e-05 5.24536e-05 5.12709e-05 5.12043e-05 5.11882e-05
threshold=76.280000000000015 63.300000000000004 83.990000000000023 70.595000000000013 1.0000000180025095e-35 80.240000000000023 87.290000000000006 67.050000000000011 73.570000000000007 78.300000000000011 82.050000000000011 85.595000000000013 72.050000000000011 74.820000000000007 68.750000000000014 61.425000000000004 65.175000000000011 88.300000000000011 77.290000000000006 83.095000000000013 79.345000000000013 81.040000000000006 86.490000000000023 84.790000000000006 71.845000000000013 69.550000000000011 60.205000000000005 87.740000000000023 75.595000000000013 62.050000000000004
decision_type=2 2 2 2 2 2 2 2 2 2 2 2 2 2 2 2 2 2 2 2 2 2 2 2 2 2 2 2 2 2
left_child=1 4 5 7 -1 9 11 16 12 18 21 23 24 -10 -9 26 -3 27 -2 -12 -11 -7 -13 -4 -5 -16 -6 -8 -15 -17
right_child=2 3 6 8 15 10 17 14 13 20 19 22 -14 28 25 29 -18 -19 -20 -21 -22 -23 -24 -25 -26 -27 -28 -29 -30 -31
leaf_value=-0.0018122056499123573 -0.00018705167564793781 -0.00099494810325696185 0.00031702924519777303 -0.00055412756488478008 -0.0013223087415099146 7.3122500225508702e-05 0.00051188708871210877 -0.00075391767825931308 -0.00035432149004700081 -4.3914533828595477e-05 0.00020050222936104863 0.00042638448808508318 -0.00042509507769957568 -0.00028179503940776285 -0.00067265856611941548 -0.0011543599888682366 -0.00087729450387996621 0.00061268239732747358 -0.00010981879496782278 0.00026925298275033894 1.7541719189289502e-05 0.00013493778442756998 0.0004839357658938477 0.00037081827026521491 -0.00049060559831559658 -0.00061704309797552359 -0.001219884492456913 0.00056602565200945126 -0.00023157114305966857 -0.0010895521666568059
leaf_weight=254 186 102 130 129 25 128 76 150 183 155 151 157 156 102 105 50 128 1678 181 152 154 180 132 124 52 73 25 103 101 78
leaf_count=254 186 102 130 129 25 128 76 150 183 155 151 157 156 102 105 50 128 1678 181 152 154 180 132 124 52 73 25 103 101 78
internal_value=5.63648e-12 -0.000811079 0.000376832 -0.000564263 -0.00154296 3.58016e-05 0.000559709 -0.000793081 -0.000387664 -8.6944e-05 0.000171605 0.000401505 -0.000484596 -0.000303038 -0.000697442 -0.00115875 -0.000929471 0.000605969 -0.000148961 0.000234991 -1.32859e-05 0.000109248 0.000452671 0.000343288 -0.000535878 -0.00064985 -0.0012711 0.000543039 -0.000256807 -0.00111487
internal_weight=5400 1713 3687 1281 432 1287 2400 558 723 676 611 543 337 386 328 178 230 1857 367 303 309 308 289 254 181 178 50 179 203 128
internal_count=5400 1713 3687 1281 432 1287 2400 558 723 676 611 543 337 386 328 178 230 1857 367 303 309 308 289 254 181 178 50 179 203 128
is_linear=0
shrinkage=0.05


Tree=60
num_leaves=31
num_cat=0
split_feature=0 0 0 0 0 0 0 0 0 0 0 0 0 0 0 0 0 0 0 0 0 0 0 0 0 0 0 0 0 0
split_gain=0.595855 0.116211 0.0775043 0.0188626 0.018185 0.00773004 0.00527161 0.00274782 0.00200946 0.00111233 0.000876265 0.000623789 0.000417268 0.000402598 0.000386729 0.00026747 0.000203534 0.000149019 0.000128297 0.000128109 0.000105325 9.25991e-05 8.0761e-05 8.05837e-05 6.79678e-05 5.91895e-05 5.48654e-05 5.18048e-05 4.73658e-05 4.73394e-05
threshold=76.490000000000023 63.925000000000004 84.345000000000013 70.800000000000011 1.0000000180025095e-35 80.240000000000023 87.740000000000023 67.500000000000014 74.345000000000013 82.290000000000006 78.300000000000011 85.800000000000011 72.050000000000011 69.345000000000013 61.425000000000004 65.800000000000011 75.240000000000023 83.300000000000011 81.280000000000015 77.530000000000015 79.345000000000013 88.990000000000023 86.490000000000023 62.675000000000004 73.095000000000013 85.030000000000015 70.000000000000014 68.095000000000013 64.550000000000011 60.205000000000005
decision_type=2 2 2 2 2 2 2 2 2 2 2 2 2 2 2 2 2 2 2 2 2 2 2 2 2 2 2 2 2 2
left_child=1 4 5 7 -1 10 11 15 12 18 19 25 -5 27 29 28 -10 -11 -7 -2 -12 -8 -13 -16 -14 -4 -15 -9 -3 -6
right_child=2 3 6 8 14 9 21 13 16 17 20 22 24 26 23 -17 -18 -19 -20 -21 -22 -23 -24 -25 -26 -27 -28 -29 -30 -31
leaf_value=-0.0017215954139828682 -0.00016299925384972294 -0.00094506274908781054 0.00031584727577865123 -0.00049467448989162224 -0.0012561933137476445 7.4769339518122426e-05 0.00054821729254530096 -0.00073245828971266755 -0.00030207392931180566 0.00020675815882558905 -4.1718806981319383e-05 0.00041581830273399942 -0.00042323757273455458 -0.00061633818878386269 -0.0010834186071796076 -0.00079885702488003384 -0.00022265129029841685 0.00027404803298778979 0.00013704506712706966 -9.9020136685501199e-05 1.6664633596236229e-05 0.00058364197611808781 0.00046944130668774824 -0.0010108435734812367 -0.0003673586724067314 0.00036537756938119666 -0.0005605120313270848 -0.00067346914410591134 -0.00088293621582644338 -0.0011588903144001961
leaf_weight=254 158 51 100 128 25 153 209 53 133 178 155 106 78 78 77 101 205 153 180 155 154 1572 208 76 180 152 101 125 77 25
leaf_count=254 158 51 100 128 25 153 209 53 133 178 155 106 78 78 77 101 205 153 180 155 154 1572 208 76 180 152 101 125 77 25
internal_value=-1.88121e-12 -0.000753109 0.000366293 -0.000513613 -0.00143963 5.43064e-05 0.000537241 -0.000724503 -0.000342921 0.000172952 -7.23506e-05 0.000404316 -0.000420869 -0.000637787 -0.00108682 -0.000859689 -0.000253903 0.000237862 0.000108432 -0.000131316 -1.26216e-05 0.000579485 0.000451339 -0.00104737 -0.000384252 0.000345723 -0.000584839 -0.000691033 -0.00090769 -0.00120754
internal_weight=5400 1767 3633 1310 457 1286 2347 586 724 664 622 566 386 357 203 229 338 331 333 313 309 1781 314 153 258 252 179 178 128 50
internal_count=5400 1767 3633 1310 457 1286 2347 586 724 664 622 566 386 357 203 229 338 331 333 313 309 1781 314 153 258 252 179 178 128 50
is_linear=0
shrinkage=0.05


Tree=61
num_leaves=31
num_cat=0
split_feature=0 0 0 0 0 0 0 0 0 0 0 0 0 0 0 0 0 0 0 0 0 0 0 0 0 0 0 0 0 0
split_gain=0.537803 0.0971947 0.0795901 0.0198826 0.00839073 0.00692407 0.00667666 0.00299398 0.00242024 0.000872438 0.000863321 0.000667813 0.000452755 0.000363771 0.000297945 0.000255584 0.000184266 0.000129536 0.000121048 0.000115915 0.000108739 0.000102294 8.76842e-05 7.89994e-05 7.52453e-05 7.45957e-05 4.7765e-05 3.77206e-05 3.73662e-05 3.27359e-05
threshold=75.800000000000011 62.050000000000004 83.780000000000015 69.550000000000011 1.0000000180025095e-35 79.790000000000006 87.290000000000006 66.425000000000011 72.500000000000014 81.845000000000013 77.740000000000023 85.595000000000013 74.550000000000011 63.925000000000004 68.095000000000013 88.540000000000006 71.250000000000014 60.205000000000005 80.800000000000011 78.780000000000015 82.740000000000023 76.845000000000013 84.550000000000011 73.570000000000007 86.280000000000015 65.175000000000011 87.740000000000023 75.240000000000023 68.750000000000014 67.500000000000014
decision_type=2 2 2 2 2 2 2 2 2 2 2 2 2 2 2 2 2 2 2 2 2 2 2 2 2 2 2 2 2 2
left_child=1 4 5 7 -1 10 11 13 16 18 21 22 23 -3 29 26 -5 -6 -7 -12 -11 -2 -4 -10 -13 -15 -8 -14 -16 -9
right_child=2 3 6 8 17 9 15 14 12 20 19 24 27 25 28 -17 -18 -19 -20 -21 -22 -23 -24 -25 -26 -27 -28 -29 -30 -31
leaf_value=-0.0016355156898498536 -0.00018948003454434298 -0.00097195554832086987 0.00027576980208252354 -0.000533102759847941 -0.0011933836154639722 4.7489363141872447e-05 0.00046282063826526471 -0.00074717097915709017 -0.00037818134457875903 0.00016227148219265721 -7.6649754999145387e-05 0.0003746934614277312 -0.00027428067619381829 -0.00088536772852787721 -0.00065337019679072793 0.0005534561745287991 -0.000451627809657004 -0.0010619626380503177 0.00010790327827147897 -1.7586026979950464e-05 0.00022178640029107047 -0.00013221926070678577 0.00032957182593968694 -0.0003254060254384501 0.00042773974330528929 -0.00081576977118656246 0.00051278956595432847 -0.00022825663818009929 -0.000606794065041911 -0.00069583537988364701
leaf_weight=254 155 103 154 153 25 181 76 75 130 154 155 105 79 77 73 1652 127 75 153 179 153 157 149 156 184 77 129 102 105 53
leaf_count=254 155 103 154 153 25 181 76 75 130 154 155 105 79 77 73 1652 127 75 153 179 153 157 149 156 184 77 129 102 105 53
internal_value=-6.89538e-12 -0.000747672 0.00033301 -0.000549026 -0.00148278 1.46631e-05 0.000500308 -0.000773402 -0.000379918 0.000131089 -0.000100861 0.000354091 -0.00031023 -0.000899218 -0.000667734 0.000546922 -0.000496148 -0.00109482 7.5164e-05 -4.49958e-05 0.000191932 -0.000160666 0.000302227 -0.000349395 0.000408467 -0.000850569 0.000494265 -0.000248344 -0.000625896 -0.000725915
internal_weight=5400 1664 3736 1310 354 1287 2449 563 747 641 646 592 467 257 306 1857 280 100 334 334 307 312 303 286 289 154 205 181 178 128
internal_count=5400 1664 3736 1310 354 1287 2449 563 747 641 646 592 467 257 306 1857 280 100 334 334 307 312 303 286 289 154 205 181 178 128
is_linear=0
shrinkage=0.05


Tree=62
num_leaves=31
num_cat=0
split_feature=0 0 0 0 0 0 0 0 0 0 0 0 0 0 0 0 0 0 0 0 0 0 0 0 0 0 0 0 0 0
split_gain=0.485367 0.0877464 0.0718412 0.0164474 0.00956718 0.00648644 0.00586195 0.00250599 0.0019278 0.000769243 0.000707057 0.000495082 0.000448051 0.000322866 0.000301123 0.000252849 0.000240584 0.000154983 0.000132787 0.000107223 8.38053e-05 5.22983e-05 5.14175e-05 4.83896e-05 4.75325e-05 4.16588e-05 4.16068e-05 3.73076e-05 3.68655e-05 3.40428e-05
threshold=75.800000000000011 62.675000000000004 83.540000000000006 70.000000000000014 1.0000000180025095e-35 86.845000000000013 79.550000000000011 66.425000000000011 73.095000000000013 81.490000000000023 77.530000000000015 88.095000000000013 85.240000000000023 68.095000000000013 74.550000000000011 71.845000000000013 64.550000000000011 61.425000000000004 78.540000000000006 82.530000000000015 80.595000000000013 86.040000000000006 69.345000000000013 84.550000000000011 76.845000000000013 63.300000000000004 88.990000000000023 73.990000000000023 60.205000000000005 75.240000000000023
decision_type=2 2 2 2 2 2 2 2 2 2 2 2 2 2 2 2 2 2 2 2 2 2 2 2 2 2 2 2 2 2
left_child=1 4 6 7 -1 12 10 16 15 20 24 -7 23 -9 27 -5 25 28 -12 -11 -8 -14 -15 -4 -2 -3 -13 -10 -6 -16
right_child=2 3 5 8 17 11 9 13 14 19 18 26 21 22 29 -17 -18 -19 -20 -21 -22 -23 -24 -25 -26 -27 -28 -29 -30 -31
leaf_value=-0.001553739793598652 -0.00018000603353063906 -0.00092330481857061386 0.00025948313098692196 -0.00048850529990290522 -0.0011337144300341607 0.00044250771547285259 3.2554122452366803e-05 -0.0006896190941915848 -0.00033998057751887249 0.00013812232338001625 -8.4786341803467417e-05 0.00049987045040094779 0.00034373723522781638 -0.00060809594132006173 -0.00026056663327720726 -0.00039666960015892987 -0.00078551069860464159 -0.00097772756518868672 -2.4304262538802564e-05 0.00019520084148670516 8.4804252067941345e-05 0.00038858801766320042 -0.00055636251524377324 0.00030318965080517292 -0.00013655832450274588 -0.00086488858306486361 0.00052678706124424939 -0.00029987370604122026 -0.0010478476993739606 -0.00021684380412540015
leaf_weight=254 155 51 179 177 25 207 152 128 128 153 181 158 129 125 79 130 103 77 182 178 155 131 78 98 106 76 1572 106 25 102
leaf_count=254 155 51 179 177 25 207 152 128 128 153 181 158 129 125 79 130 103 77 182 178 155 131 78 98 106 76 1572 106 25 102
internal_value=-5.63617e-13 -0.000710289 0.00031636 -0.000512429 -0.00137657 0.000472957 9.37047e-06 -0.000715521 -0.000354625 0.000115943 -9.95927e-05 0.000515585 0.000319194 -0.000627431 -0.000284354 -0.000449617 -0.000842294 -0.00102224 -5.4462e-05 0.000168817 5.89345e-05 0.000366335 -0.000588218 0.000274946 -0.000162361 -0.000888347 0.000524329 -0.000321813 -0.00109078 -0.000235927
internal_weight=5400 1664 3736 1283 381 2474 1262 561 722 638 624 1937 537 331 415 307 230 127 363 331 307 260 203 277 261 127 1730 234 50 181
internal_count=5400 1664 3736 1283 381 2474 1262 561 722 638 624 1937 537 331 415 307 230 127 363 331 307 260 203 277 261 127 1730 234 50 181
is_linear=0
shrinkage=0.05


Tree=63
num_leaves=31
num_cat=0
split_feature=0 0 0 0 0 0 0 0 0 0 0 0 0 0 0 0 0 0 0 0 0 0 0 0 0 0 0 0 0 0
split_gain=0.438063 0.0821408 0.0610324 0.013769 0.0118418 0.00570034 0.00466829 0.00193143 0.0015695 0.000809818 0.000651694 0.000425631 0.000287997 0.000235638 0.000229015 0.000222313 0.000206418 0.000206319 0.000123387 9.89051e-05 9.08058e-05 7.98266e-05 6.2426e-05 4.79451e-05 3.55916e-05 3.50727e-05 3.41254e-05 3.37887e-05 3.32711e-05 3.31713e-05
threshold=76.280000000000015 63.300000000000004 83.990000000000023 70.595000000000013 1.0000000180025095e-35 80.030000000000015 87.290000000000006 67.050000000000011 73.300000000000011 82.050000000000011 78.095000000000013 85.595000000000013 74.820000000000007 61.425000000000004 68.750000000000014 71.845000000000013 65.175000000000011 88.300000000000011 81.040000000000006 83.095000000000013 77.050000000000011 78.990000000000023 86.490000000000023 84.790000000000006 65.800000000000011 75.595000000000013 62.050000000000004 72.050000000000011 60.205000000000005 87.740000000000023
decision_type=2 2 2 2 2 2 2 2 2 2 2 2 2 2 2 2 2 2 2 2 2 2 2 2 2 2 2 2 2 2
left_child=1 4 5 7 -1 10 11 16 15 18 20 23 -10 28 -9 -5 -3 29 -7 -11 -2 -12 -13 -4 -18 -14 -15 -17 -6 -8
right_child=2 3 6 8 13 9 17 14 12 19 21 22 25 26 -16 27 24 -19 -20 -21 -22 -23 -24 -25 -26 -27 -28 -29 -30 -31
leaf_value=-0.0014760528691112997 -0.00015645401043002494 -0.00081037094853087974 0.00025853725723349132 -0.00045080199844904184 -0.0010770287364721299 5.1280385216361742e-05 0.00041755424738910637 -0.00061383674355844657 -0.00029284304772902813 0.00016282125135624645 -5.3086994851652826e-05 0.00034716517403484532 -0.00023000553779888388 -0.00094048660248517994 -0.00052997131381979151 -0.00039892671629786496 -0.0007474214304238558 0.00049908242357119979 0.00010982463614911668 0.00021995468598202267 -0.00010266776344823566 -2.3409709320043026e-06 0.00039381659378043634 0.00030199591813969518 -0.00069356738807415817 -0.0001884392149156273 -0.00088757129314427196 -0.00035118497041768809 -0.0009954553097486496 0.00046110063908820595
leaf_weight=254 160 102 130 129 25 180 76 150 210 151 156 157 102 50 178 52 51 1678 180 152 154 154 132 124 77 101 78 129 25 103
leaf_count=254 160 102 130 129 25 180 76 150 210 151 156 157 102 50 178 52 51 1678 180 152 154 154 132 124 77 101 78 129 25 103
internal_value=7.01685e-13 -0.000660693 0.000306961 -0.000459627 -0.00125691 2.91628e-05 0.000455931 -0.000646221 -0.000315616 0.000131249 -7.93038e-05 0.000326972 -0.000251792 -0.000944197 -0.000568324 -0.000400647 -0.000757309 0.000493639 8.05525e-05 0.000191482 -0.000130075 -2.78777e-05 0.000368473 0.000279753 -0.000715025 -0.000209325 -0.000908241 -0.000364901 -0.00103624 0.000442612
internal_weight=5400 1713 3687 1281 432 1287 2400 558 723 663 624 543 413 178 328 310 230 1857 360 303 314 310 289 254 128 203 128 181 50 179
internal_count=5400 1713 3687 1281 432 1287 2400 558 723 663 624 543 413 178 328 310 230 1857 360 303 314 310 289 254 128 203 128 181 50 179
is_linear=0
shrinkage=0.05


Tree=64
num_leaves=31
num_cat=0
split_feature=0 0 0 0 0 0 0 0 0 0 0 0 0 0 0 0 0 0 0 0 0 0 0 0 0 0 0 0 0 0
split_gain=0.395369 0.0771248 0.0514323 0.0125333 0.0120481 0.00513822 0.00349786 0.00182575 0.0013383 0.000735696 0.000581027 0.000413743 0.000272306 0.000264992 0.000259349 0.000175173 0.00012938 0.000101336 8.46866e-05 8.40361e-05 7.0779e-05 6.38537e-05 5.49703e-05 5.38986e-05 4.38075e-05 3.9047e-05 3.5746e-05 3.3065e-05 3.14971e-05 3.00271e-05
threshold=76.490000000000023 63.925000000000004 84.345000000000013 70.800000000000011 1.0000000180025095e-35 80.240000000000023 87.740000000000023 67.500000000000014 74.345000000000013 82.290000000000006 78.300000000000011 85.800000000000011 72.050000000000011 69.345000000000013 61.425000000000004 65.800000000000011 75.240000000000023 83.095000000000013 77.530000000000015 81.280000000000015 79.345000000000013 88.990000000000023 86.845000000000013 62.675000000000004 73.095000000000013 85.240000000000023 70.000000000000014 68.095000000000013 64.550000000000011 60.205000000000005
decision_type=2 2 2 2 2 2 2 2 2 2 2 2 2 2 2 2 2 2 2 2 2 2 2 2 2 2 2 2 2 2
left_child=1 4 5 7 -1 10 11 15 12 19 18 25 -5 27 29 28 -10 -11 -2 -7 -12 -8 -13 -16 -14 -4 -15 -9 -3 -6
right_child=2 3 6 8 14 9 21 13 16 17 20 22 24 26 23 -17 -18 -19 -20 -21 -22 -23 -24 -25 -26 -27 -28 -29 -30 -31
leaf_value=-0.0014022502116858961 -0.00013281557815078695 -0.00076977824792265901 0.0002654044337881108 -0.00040245382879220418 -0.0010231772437691688 6.1237806164403906e-05 0.00044607677893561615 -0.00059587084688246257 -0.00024497827998173417 0.00015845452305964297 -3.4256263470817963e-05 0.0003468627093913906 -0.00034454979468137028 -0.00050204581198975062 -0.00088274463914431536 -0.00065122640986770095 -0.00018165568877920147 0.00021543207555645849 -8.0797398132422286e-05 0.00011163925334888822 1.3604014919264631e-05 0.00047549358569085601 0.00038870429852977395 -0.00082339034905951286 -0.00029968860559165478 0.00030550203518941998 -0.0004569846846273925 -0.00054874371364712715 -0.00071911652294265761 -0.00094568254426121714
leaf_weight=254 158 51 150 128 25 153 209 53 133 126 155 158 78 78 77 101 205 205 155 180 154 1572 156 76 180 102 101 125 77 25
leaf_count=254 158 51 150 128 25 153 209 53 133 126 155 158 78 78 77 101 205 205 155 180 154 1572 156 76 180 102 101 125 77 25
internal_value=-5.37946e-12 -0.000613464 0.000298373 -0.000418357 -0.00117274 4.42225e-05 0.000437631 -0.000590262 -0.000279219 0.000140954 -5.90405e-05 0.000329353 -0.000342831 -0.000519577 -0.000885569 -0.000700456 -0.000206573 0.000193743 -0.000107056 8.84818e-05 -1.04036e-05 0.000472042 0.00036765 -0.000853261 -0.000313251 0.000281634 -0.00047662 -0.000562776 -0.000739302 -0.00098443
internal_weight=5400 1767 3633 1310 457 1286 2347 586 724 664 622 566 386 357 203 229 338 331 313 333 309 1781 314 153 258 252 179 178 128 50
internal_count=5400 1767 3633 1310 457 1286 2347 586 724 664 622 566 386 357 203 229 338 331 313 333 309 1781 314 153 258 252 179 178 128 50
is_linear=0
shrinkage=0.05


Tree=65
num_leaves=31
num_cat=0
split_feature=0 0 0 0 0 0 0 0 0 0 0 0 0 0 0 0 0 0 0 0 0 0 0 0 0 0 0 0 0 0
split_gain=0.35685 0.0657038 0.0512198 0.012642 0.00702661 0.00442984 0.00434613 0.0018444 0.00153943 0.000587574 0.000510404 0.000437978 0.000267502 0.000238666 0.000186405 0.000176644 0.000169799 0.000113269 8.7809e-05 7.19139e-05 6.51183e-05 6.17621e-05 5.82796e-05 5.16954e-05 3.78103e-05 3.16675e-05 3.15419e-05 3.10801e-05 2.93044e-05 2.69874e-05
threshold=76.040000000000006 62.675000000000004 83.780000000000015 70.000000000000014 1.0000000180025095e-35 87.290000000000006 80.030000000000015 66.425000000000011 73.095000000000013 78.095000000000013 81.845000000000013 85.595000000000013 74.550000000000011 68.095000000000013 71.845000000000013 64.550000000000011 88.540000000000006 60.205000000000005 77.050000000000011 83.095000000000013 78.990000000000023 81.040000000000006 84.790000000000006 86.280000000000015 69.345000000000013 63.925000000000004 75.595000000000013 87.740000000000023 73.990000000000023 61.425000000000004
decision_type=2 2 2 2 2 2 2 2 2 2 2 2 2 2 2 2 2 2 2 2 2 2 2 2 2 2 2 2 2 2
left_child=1 4 6 7 -1 11 9 15 14 18 21 22 28 -9 -5 25 27 -6 -2 -12 -11 -8 -4 -13 -15 -3 -14 -7 -10 -19
right_child=2 3 5 8 17 16 10 13 12 20 19 23 26 24 -16 -17 -18 29 -20 -21 -22 -23 -24 -25 -26 -27 -28 -29 -30 -31
leaf_value=-0.0013321376405656339 -0.00014378782222553604 -0.00078222084680180026 0.0002282036257668414 -0.00041878794604060003 -0.0009720183908939362 0.0003772413137515909 4.634251931242438e-05 -0.00059144262595509653 -0.00029219268308224857 -4.7929229204339957e-05 0.00013915925045890332 0.00030449836115751952 -0.00021307651881244066 -0.00052130653150379662 -0.00033993645571172237 -0.00067365035794458351 0.00045085163002260949 -0.00089839836582541468 -9.2616274404073407e-05 0.00019041137516643237 -2.096092149471375e-06 9.1879294248385808e-05 0.00027280131170916703 0.00034846681291642398 -0.00047694354867323853 -0.00073128929361701014 -0.00017263686704727544 0.00041754884508171284 -0.00025664700660854578 -0.0008386073996881386
leaf_weight=254 184 76 179 177 25 76 180 128 128 156 204 105 129 125 130 103 1652 25 154 103 154 127 124 184 78 51 77 129 106 77
leaf_count=254 184 76 179 177 25 76 180 128 128 156 204 105 129 125 130 103 1652 25 154 103 154 127 124 184 78 51 77 129 106 77
internal_value=3.78463e-12 -0.000602486 0.000274211 -0.000434176 -0.0011803 0.000407557 1.5445e-05 -0.000613547 -0.000299468 -7.4876e-05 0.000110767 0.000288456 -0.000239512 -0.000537975 -0.000385398 -0.000722307 0.000445526 -0.000876639 -0.000120473 0.000156355 -2.51605e-05 6.51802e-05 0.000246455 0.000332492 -0.000504261 -0.000761768 -0.000197961 0.000402606 -0.000276091 -0.000853262
internal_weight=5400 1689 3711 1308 381 2449 1262 561 747 648 614 592 440 331 307 230 1857 127 338 307 310 307 303 289 203 127 206 205 234 102
internal_count=5400 1689 3711 1308 381 2449 1262 561 747 648 614 592 440 331 307 230 1857 127 338 307 310 307 303 289 203 127 206 205 234 102
is_linear=0
shrinkage=0.05


Tree=66
num_leaves=31
num_cat=0
split_feature=0 0 0 0 0 0 0 0 0 0 0 0 0 0 0 0 0 0 0 0 0 0 0 0 0 0 0 0 0 0
split_gain=0.32209 0.0651506 0.0390767 0.0111234 0.00981326 0.00368623 0.00284747 0.00164397 0.00113694 0.000472452 0.000452455 0.000269205 0.000260887 0.000211241 0.000162871 0.000142619 0.000139428 0.000114837 8.22446e-05 7.01628e-05 4.79239e-05 4.6092e-05 4.39007e-05 4.32044e-05 3.24263e-05 3.19252e-05 2.8643e-05 2.51238e-05 2.44574e-05 2.4436e-05
threshold=76.845000000000013 63.925000000000004 84.345000000000013 71.250000000000014 1.0000000180025095e-35 80.595000000000013 87.530000000000015 67.500000000000014 74.345000000000013 82.290000000000006 78.540000000000006 85.800000000000011 69.345000000000013 61.425000000000004 72.500000000000014 65.800000000000011 75.595000000000013 88.780000000000015 83.300000000000011 79.550000000000011 70.595000000000013 77.530000000000015 62.675000000000004 81.490000000000023 86.490000000000023 85.030000000000015 68.300000000000011 64.550000000000011 60.205000000000005 73.300000000000011
decision_type=2 2 2 2 2 2 2 2 2 2 2 2 2 2 2 2 2 2 2 2 2 2 2 2 2 2 2 2 2 2
left_child=1 4 5 7 -1 10 11 15 14 23 21 25 26 28 -5 27 -10 -8 -11 -12 -14 -2 -15 -7 -13 -4 -9 -3 -6 -16
right_child=2 3 6 8 13 9 17 12 16 18 19 24 20 22 29 -17 -18 -19 -20 -21 -22 -23 -24 -25 -26 -27 -28 -29 -30 -31
leaf_value=-0.0012655307538807393 -0.00011065197199196468 -0.00069472487084567549 0.00023233214486390356 -0.00034893497487339448 -0.00092341750860214233 6.9140489325828614e-05 0.00038904933591183387 -0.00052464281850792829 -0.00021190205779781594 0.00015182112568591752 -1.980822939463446e-05 0.00030512860119518527 -0.00044409872720106735 -0.00079667702220477066 -0.00029665917650914021 -0.00058803483613278017 -0.00015199656788358727 0.00042867664800813566 0.00020181099607250076 2.6210997719700621e-05 -0.00039461650245357308 -6.9134452351940118e-05 -0.00074310978433411376 0.0001084765589862006 0.0003408755762266773 0.0002687081627204622 -0.00048402281664311887 -0.00064947818127738968 -0.00085347844287753105 -0.00026399920795603776
leaf_weight=254 106 51 100 127 25 155 206 103 183 178 182 106 126 77 103 101 207 1625 153 152 80 181 76 127 158 152 75 77 25 129
leaf_count=254 106 51 100 127 25 155 206 103 183 178 182 106 126 77 103 101 207 1625 153 152 80 181 76 127 158 152 75 77 25 129
internal_value=7.60567e-12 -0.000541811 0.000275217 -0.000368477 -0.0010584 4.7432e-05 0.000394982 -0.000526424 -0.000239209 0.000134412 -3.84275e-05 0.000291238 -0.000463192 -0.000799226 -0.000303417 -0.000632455 -0.000180106 0.000424218 0.000174928 1.13465e-06 -0.000424882 -8.44684e-05 -0.000770068 8.68557e-05 0.000326523 0.000254273 -0.000507528 -0.000667506 -0.000888448 -0.000278499
internal_weight=5400 1819 3581 1362 457 1234 2347 613 749 613 621 516 384 203 359 229 390 1831 331 334 206 287 153 282 264 252 178 128 50 232
internal_count=5400 1819 3581 1362 457 1234 2347 613 749 613 621 516 384 203 359 229 390 1831 331 334 206 287 153 282 264 252 178 128 50 232
is_linear=0
shrinkage=0.05


Tree=67
num_leaves=31
num_cat=0
split_feature=0 0 0 0 0 0 0 0 0 0 0 0 0 0 0 0 0 0 0 0 0 0 0 0 0 0 0 0 0 0
split_gain=0.290692 0.0545144 0.0404981 0.00913881 0.00784222 0.00378033 0.00309337 0.00128522 0.00103975 0.000543938 0.000425447 0.000281258 0.000177285 0.000161128 0.000154734 0.000150408 0.000138619 0.000136225 8.20702e-05 6.37393e-05 6.02644e-05 5.16055e-05 4.84615e-05 2.71586e-05 2.43893e-05 2.28553e-05 2.22457e-05 2.20727e-05 2.20159e-05 2.1619e-05
threshold=76.280000000000015 63.300000000000004 83.990000000000023 70.595000000000013 1.0000000180025095e-35 80.240000000000023 87.290000000000006 67.050000000000011 73.570000000000007 78.095000000000013 82.050000000000011 85.800000000000011 72.050000000000011 74.820000000000007 61.425000000000004 68.750000000000014 88.300000000000011 65.175000000000011 78.990000000000023 83.095000000000013 77.290000000000006 85.030000000000015 81.040000000000006 71.845000000000013 62.050000000000004 86.490000000000023 87.740000000000023 60.205000000000005 69.550000000000011 65.800000000000011
decision_type=2 2 2 2 2 2 2 2 2 2 2 2 2 2 2 2 2 2 2 2 2 2 2 2 2 2 2 2 2 2
left_child=1 4 5 7 -1 9 11 17 12 20 22 21 23 -10 27 -9 26 -3 -11 -12 -2 -4 -7 -5 -16 -13 -8 -6 -17 -19
right_child=2 3 6 8 14 10 16 15 13 18 19 25 -14 -15 24 28 -18 29 -20 -21 -22 -23 -24 -25 -26 -27 -28 -29 -30 -31
leaf_value=-0.0012022542767226698 -0.00012403572033289621 -0.00066014565390479923 0.0002141388197082515 -0.00036721636790262407 -0.00087724663317203524 4.8995743736668376e-05 0.0003397507948408786 -0.00049976191359261675 -0.00023507823101422991 -4.3293390141722443e-05 0.00013295480062481979 0.00028987217558336988 -0.00028218852702337199 -0.00017038258039186083 -0.00076756081543862822 -0.0004464588163509255 0.00040655851860045593 -0.00060793813318014154 4.7818244389171161e-06 0.00017882016430743726 -7.945944030325337e-05 0.00025527276356067315 8.9239875022839346e-05 -0.00032441411167383194 -0.00072282635105343966 0.0003210475745921334 0.00037541188417201487 -0.00081080459058284764 -0.00041070752840948431 -0.00056596588307096594
leaf_weight=254 186 102 153 129 25 128 76 150 183 156 151 106 156 203 50 105 1678 51 206 152 128 152 180 52 78 132 103 25 73 77
leaf_count=254 186 102 153 129 25 128 76 150 183 156 151 106 156 203 50 105 1678 51 206 152 128 152 180 52 78 132 103 25 73 77
internal_value=5.62916e-12 -0.000538205 0.000250053 -0.000374404 -0.00102392 2.37617e-05 0.000371401 -0.000526421 -0.00025708 -5.77073e-05 0.000113898 0.000266426 -0.000321252 -0.000201054 -0.000769437 -0.000462878 0.000402097 -0.000617039 -1.59357e-05 0.000155963 -0.000105864 0.000234638 7.2515e-05 -0.00035492 -0.000740301 0.000307163 0.000360271 -0.000844026 -0.000431797 -0.000582689
internal_weight=5400 1713 3687 1281 432 1287 2400 558 723 676 611 543 337 386 178 328 1857 230 362 303 314 305 308 181 128 238 179 50 178 128
internal_count=5400 1713 3687 1281 432 1287 2400 558 723 676 611 543 337 386 178 328 1857 230 362 303 314 305 308 181 128 238 179 50 178 128
is_linear=0
shrinkage=0.05


Tree=68
num_leaves=31
num_cat=0
split_feature=0 0 0 0 0 0 0 0 0 0 0 0 0 0 0 0 0 0 0 0 0 0 0 0 0 0 0 0 0 0
split_gain=0.262379 0.0530748 0.0318268 0.00905713 0.00798672 0.00299979 0.00232165 0.00134025 0.000927577 0.00038578 0.000368489 0.00027312 0.000211737 0.000171356 0.000131849 0.000114521 0.00011397 5.51913e-05 4.79499e-05 4.72538e-05 4.71144e-05 4.49156e-05 3.80337e-05 3.75958e-05 3.58478e-05 2.7972e-05 2.34339e-05 2.08868e-05 1.99207e-05 1.94853e-05
threshold=76.845000000000013 63.925000000000004 84.345000000000013 71.250000000000014 1.0000000180025095e-35 80.595000000000013 87.740000000000023 67.500000000000014 74.345000000000013 82.530000000000015 78.780000000000015 86.040000000000006 69.345000000000013 61.425000000000004 72.500000000000014 75.595000000000013 65.800000000000011 83.540000000000006 81.490000000000023 77.740000000000023 79.550000000000011 88.990000000000023 70.595000000000013 85.240000000000023 62.675000000000004 86.845000000000013 68.300000000000011 64.550000000000011 60.205000000000005 73.300000000000011
decision_type=2 2 2 2 2 2 2 2 2 2 2 2 2 2 2 2 2 2 2 2 2 2 2 2 2 2 2 2 2 2
left_child=1 4 5 7 -1 10 11 16 14 18 19 23 26 28 -5 -10 27 -11 -7 -2 -12 -8 -14 -4 -15 -13 -9 -3 -6 -16
right_child=2 3 6 8 13 9 21 12 15 17 20 25 22 24 29 -17 -18 -19 -20 -21 -22 -23 -24 -25 -26 -27 -28 -29 -30 -31
leaf_value=-0.0011421415023505689 -9.2289219224813646e-05 -0.00062698130495846276 0.00021602343209087849 -0.00031487404416483925 -0.00083338432013988504 6.2221082888783944e-05 0.0003627427832477472 -0.00047342259147502844 -0.00019135603889863676 0.00014318711820236418 -1.5133413129643389e-05 0.00028548280758257133 -0.0004006064969987151 -0.00071924942872160448 -0.00026771679082071608 -0.00013706426654721876 -0.00053112137472570539 0.0001863333929190779 0.00010167840305941021 -5.3371258188910303e-05 2.3919609568685319e-05 0.00038741459138691425 -0.00035652486578328533 0.0002528364234062475 -0.00067084390902891764 0.00031682106111055385 -0.00043668141961097722 -0.00058572592225844989 -0.00077026430517435074 -0.00023855232478429877
leaf_weight=254 157 51 150 127 25 155 209 103 183 178 157 131 126 77 103 207 101 127 153 155 152 1572 80 129 76 156 75 77 25 129
leaf_count=254 157 51 150 127 25 155 209 103 183 178 157 131 126 77 103 207 101 127 153 155 152 1572 80 129 76 156 75 77 25 129
internal_value=6.60321e-12 -0.000489017 0.0002484 -0.00033257 -0.000955277 4.28287e-05 0.000356485 -0.000475093 -0.000215925 0.000121293 -3.4625e-05 0.000268272 -0.000418 -0.000721466 -0.000273919 -0.00016254 -0.000570831 0.000161153 8.18216e-05 -7.2955e-05 4.07714e-06 0.000384519 -0.000383487 0.000233044 -0.000695205 0.000302517 -0.000457942 -0.000602164 -0.000801824 -0.0002515
internal_weight=5400 1819 3581 1362 457 1234 2347 613 749 613 621 566 384 203 359 390 229 305 308 312 309 1781 206 279 153 287 178 128 50 232
internal_count=5400 1819 3581 1362 457 1234 2347 613 749 613 621 566 384 203 359 390 229 305 308 312 309 1781 206 279 153 287 178 128 50 232
is_linear=0
shrinkage=0.05


Tree=69
num_leaves=31
num_cat=0
split_feature=0 0 0 0 0 0 0 0 0 0 0 0 0 0 0 0 0 0 0 0 0 0 0 0 0 0 0 0 0 0
split_gain=0.236814 0.0428143 0.0350524 0.00875836 0.0036693 0.00315943 0.00285446 0.00131503 0.00106143 0.000379122 0.000335693 0.000244193 0.000216522 0.000157976 0.000150131 0.000148901 0.000133368 5.5021e-05 5.32276e-05 5.19332e-05 4.48845e-05 3.33802e-05 3.19748e-05 2.73846e-05 2.59585e-05 2.36636e-05 2.20391e-05 1.89342e-05 1.73236e-05 1.54529e-05
threshold=75.800000000000011 62.050000000000004 83.540000000000006 69.550000000000011 1.0000000180025095e-35 86.845000000000013 79.790000000000006 66.425000000000011 73.095000000000013 77.740000000000023 81.490000000000023 88.095000000000013 85.240000000000023 63.925000000000004 71.845000000000013 74.550000000000011 68.095000000000013 60.205000000000005 82.740000000000023 78.990000000000023 76.845000000000013 65.175000000000011 80.595000000000013 70.595000000000013 86.280000000000015 84.550000000000011 88.990000000000023 73.990000000000023 75.240000000000023 87.740000000000023
decision_type=2 2 2 2 2 2 2 2 2 2 2 2 2 2 2 2 2 2 2 2 2 2 2 2 2 2 2 2 2 2
left_child=1 4 6 7 -1 12 9 13 14 20 22 29 25 -3 23 27 -9 -6 -12 -11 -2 -15 -8 -5 -14 -4 -13 -10 -17 -7
right_child=2 3 5 8 17 11 10 16 15 19 18 26 24 21 -16 28 -18 -19 -20 -21 -22 -23 -24 -25 -26 -27 -28 -29 -30 -31
leaf_value=-0.0010850344784557821 -0.00012560447685480599 -0.00064453410020875708 0.00018147721915250884 -0.00037014182586835265 -0.0007917150855064393 0.00030098000111488201 2.5485281092607274e-05 -0.00048211264293058776 -0.0002380345242272597 -4.5308907494367359e-05 0.00010187888929157018 0.00034845382081273991 0.00024292129494894586 -0.00058781942292177058 -0.00027678390964865686 -0.00018227389067576469 -0.00041519476550767263 -0.00070606387841204812 0.00014305064742075048 -4.6946255235353446e-06 -8.7674758448947677e-05 -0.00054126249251330828 5.9110028932111394e-05 -0.00033182034615513893 0.00027517036069184541 0.00021204124584946099 0.00036804385017603637 -0.00020946234262565961 -0.00015108395669171041 0.00033268386032432319
leaf_weight=254 155 103 179 73 25 156 130 128 128 207 203 158 156 77 130 79 178 75 128 127 157 77 155 129 104 98 1572 106 102 51
leaf_count=254 155 103 179 73 25 156 130 128 128 207 203 158 156 77 130 79 178 75 128 127 157 77 155 129 104 98 1572 106 102 51
internal_value=-6.05926e-13 -0.00049614 0.000220979 -0.000364298 -0.000984029 0.000330363 6.54378e-06 -0.000513217 -0.00025206 -6.68867e-05 8.35504e-05 0.000360114 0.00022305 -0.0005966 -0.000318696 -0.000198751 -0.000443187 -0.000727477 0.0001178 -2.98658e-05 -0.000106518 -0.000564541 4.37724e-05 -0.000345669 0.000255821 0.00019229 0.000366255 -0.000225092 -0.000164697 0.000308791
internal_weight=5400 1664 3736 1310 354 2474 1262 563 747 646 616 1937 537 257 332 415 306 100 331 334 312 154 285 202 260 277 1730 234 181 207
internal_count=5400 1664 3736 1310 354 2474 1262 563 747 646 616 1937 537 257 332 415 306 100 331 334 312 154 285 202 260 277 1730 234 181 207
is_linear=0
shrinkage=0.05


Tree=70
num_leaves=31
num_cat=0
split_feature=0 0 0 0 0 0 0 0 0 0 0 0 0 0 0 0 0 0 0 0 0 0 0 0 0 0 0 0 0 0
split_gain=0.213726 0.0416934 0.0277906 0.00734242 0.00575594 0.0027766 0.00188919 0.000949712 0.000922366 0.000400041 0.000316547 0.000222718 0.000181319 0.000116092 0.000115022 0.000111934 9.79077e-05 5.45754e-05 4.48416e-05 4.47084e-05 3.91022e-05 3.6584e-05 3.04421e-05 2.1361e-05 1.98785e-05 1.74497e-05 1.63589e-05 1.60076e-05 1.55285e-05 1.55021e-05
threshold=76.490000000000023 63.300000000000004 84.345000000000013 70.595000000000013 1.0000000180025095e-35 80.240000000000023 87.740000000000023 67.050000000000011 73.990000000000023 82.290000000000006 78.300000000000011 85.800000000000011 72.050000000000011 75.240000000000023 61.425000000000004 68.750000000000014 65.175000000000011 83.095000000000013 77.290000000000006 81.280000000000015 79.345000000000013 88.990000000000023 86.845000000000013 85.240000000000023 71.845000000000013 62.050000000000004 69.550000000000011 68.095000000000013 66.425000000000011 60.205000000000005
decision_type=2 2 2 2 2 2 2 2 2 2 2 2 2 2 2 2 2 2 2 2 2 2 2 2 2 2 2 2 2 2
left_child=1 4 5 7 -1 10 11 16 12 19 18 23 24 -10 29 27 -3 -11 -2 -7 -12 -8 -13 -4 -5 -16 -17 -9 -18 -6
right_child=2 3 6 8 14 9 21 15 13 17 20 22 -14 -15 25 26 28 -19 -20 -21 -22 -23 -24 -25 -26 -27 -28 -29 -30 -31
leaf_value=-0.0010307827033102512 -0.00010095552363164836 -0.0005656915835524891 0.0001951499820376436 -0.00031522933299862606 -0.00075212931260466582 4.5098861096597287e-05 0.00032737536498447925 -0.00044434940950437022 -0.00018795952830161599 0.00011669310024155983 -2.5183522187533881e-05 0.00025479367910589599 -0.00023611681049834325 -0.00013332822598607802 -0.00065791709348559388 -0.00038245251779222774 -0.0005141993452395711 0.00015850694793299205 -6.2632802307852729e-05 8.1861330028105939e-05 1.0389744744764819e-05 0.00034964166115969419 0.00028593100828285781 0.00022480750922113658 -0.00027861050330102444 -0.00062007835815445741 -0.00035163473867339223 -0.00041167012492373379 -0.00047862725332379344 -0.00069644791074097157
leaf_weight=254 132 102 150 129 25 153 209 77 185 126 155 158 206 205 50 105 77 205 181 180 154 1572 156 102 52 78 73 73 51 25
leaf_count=254 132 102 150 129 25 153 209 77 185 126 155 158 206 205 50 105 77 205 181 180 154 1572 156 102 52 78 73 73 51 25
internal_value=4.07947e-12 -0.000451041 0.000219375 -0.00031288 -0.000877998 3.25555e-05 0.00032174 -0.00045125 -0.00021351 0.000103663 -4.33538e-05 0.000242165 -0.000268197 -0.000159243 -0.00065998 -0.000396627 -0.000529147 0.00014259 -7.87945e-05 6.49705e-05 -7.45445e-06 0.000347029 0.000270263 0.000207154 -0.000304709 -0.000634859 -0.000369814 -0.000428445 -0.000500026 -0.000724289
internal_weight=5400 1767 3633 1335 432 1286 2347 558 777 664 622 566 387 390 178 328 230 331 313 333 309 1781 314 252 181 128 178 150 128 50
internal_count=5400 1767 3633 1335 432 1286 2347 558 777 664 622 566 387 390 178 328 230 331 313 333 309 1781 314 252 181 128 178 150 128 50
is_linear=0
shrinkage=0.05


Tree=71
num_leaves=31
num_cat=0
split_feature=0 0 0 0 0 0 0 0 0 0 0 0 0 0 0 0 0 0 0 0 0 0 0 0 0 0 0 0 0 0
split_gain=0.192914 0.0348675 0.0285563 0.00712952 0.00298867 0.00257015 0.00232198 0.0010711 0.000868075 0.00030897 0.000273203 0.000233369 0.000130292 0.000125181 0.000121336 0.000120356 0.000108629 5.41122e-05 4.48149e-05 4.24075e-05 3.88727e-05 2.67205e-05 2.63676e-05 2.58964e-05 2.23049e-05 1.9487e-05 1.75817e-05 1.42074e-05 1.41908e-05 1.32705e-05
threshold=75.800000000000011 62.050000000000004 83.540000000000006 69.550000000000011 1.0000000180025095e-35 87.050000000000011 79.790000000000006 66.425000000000011 73.095000000000013 78.095000000000013 81.490000000000023 85.240000000000023 63.925000000000004 88.095000000000013 74.550000000000011 71.845000000000013 68.095000000000013 77.050000000000011 60.205000000000005 82.740000000000023 86.280000000000015 65.175000000000011 78.990000000000023 80.595000000000013 70.595000000000013 84.550000000000011 88.990000000000023 67.500000000000014 73.990000000000023 68.750000000000014
decision_type=2 2 2 2 2 2 2 2 2 2 2 2 2 2 2 2 2 2 2 2 2 2 2 2 2 2 2 2 2 2
left_child=1 4 6 7 -1 11 9 12 15 17 23 25 -3 -7 28 24 27 -2 -6 -12 -13 -14 -11 -8 -5 -4 -15 -9 -10 -18
right_child=2 3 5 8 18 13 10 16 14 22 19 20 21 26 -16 -17 29 -19 -20 -21 -22 -23 -24 -25 -26 -27 -28 -29 -30 -31
leaf_value=-0.00097924359142780308 -0.00010743159605814011 -0.00058196349729539704 0.00016394576458416505 -0.00033405300625280975 -0.00071452287957072267 0.00028337748063837781 2.301069722027303e-05 -0.00044910992681980135 -0.00021432694466057002 -3.4936676260818231e-05 9.2039855536568934e-05 0.0002190158648702961 -0.0005301438731613097 0.00031466236046244261 -0.00014860373651557371 -0.00025028900243341924 -0.00039108663140349602 -6.8371116929058612e-05 -0.00063722267126043635 0.00012878944398835303 0.00025420158341102588 -0.00048848937821949461 -4.2511100250915728e-06 5.3271064478453364e-05 -0.00029946786257647735 0.00019168167859696006 0.00033215957228094339 -0.00041529065929353238 -0.00018959124836156953 -0.00036332990419829178
leaf_weight=254 209 103 179 73 25 153 130 75 128 156 203 156 77 158 181 130 73 154 75 128 158 77 127 155 129 98 1572 53 106 105
leaf_count=254 209 103 179 73 25 153 130 75 128 156 203 156 77 158 181 130 73 154 75 128 158 77 127 155 129 98 1572 53 106 105
internal_value=6.37665e-13 -0.000447797 0.000199447 -0.000328818 -0.000888087 0.000298177 5.89951e-06 -0.000463179 -0.000227554 -6.03287e-05 7.53532e-05 0.000207211 -0.000538432 0.000326728 -0.000179344 -0.000287816 -0.000399976 -9.08605e-05 -0.000656548 0.000106251 0.000236721 -0.000509317 -2.11661e-05 3.94681e-05 -0.000311966 0.000173758 0.000330562 -0.000435107 -0.000203122 -0.000374713
internal_weight=5400 1664 3736 1310 354 2474 1262 563 747 646 616 591 257 1883 415 332 306 363 100 331 314 154 283 285 202 277 1730 128 234 178
internal_count=5400 1664 3736 1310 354 2474 1262 563 747 646 616 591 257 1883 415 332 306 363 100 331 314 154 283 285 202 277 1730 128 234 178
is_linear=0
shrinkage=0.05


Tree=72
num_leaves=31
num_cat=0
split_feature=0 0 0 0 0 0 0 0 0 0 0 0 0 0 0 0 0 0 0 0 0 0 0 0 0 0 0 0 0 0
split_gain=0.174109 0.0320654 0.0249852 0.00522385 0.00468389 0.00238906 0.00185244 0.00077335 0.000572788 0.000325173 0.000285776 0.000168613 0.00013215 9.51587e-05 9.16945e-05 8.38121e-05 7.87185e-05 5.65324e-05 4.75842e-05 4.17766e-05 3.72119e-05 3.05206e-05 2.56325e-05 1.87305e-05 1.8565e-05 1.75219e-05 1.49925e-05 1.34205e-05 1.31241e-05 1.20209e-05
threshold=76.040000000000006 63.300000000000004 83.990000000000023 70.595000000000013 1.0000000180025095e-35 80.030000000000015 87.290000000000006 67.050000000000011 73.095000000000013 82.050000000000011 78.095000000000013 85.595000000000013 74.820000000000007 61.425000000000004 68.300000000000011 88.540000000000006 65.175000000000011 71.845000000000013 81.040000000000006 77.290000000000006 83.095000000000013 78.990000000000023 86.490000000000023 84.790000000000006 73.990000000000023 69.550000000000011 87.740000000000023 62.050000000000004 65.800000000000011 60.205000000000005
decision_type=2 2 2 2 2 2 2 2 2 2 2 2 2 2 2 2 2 2 2 2 2 2 2 2 2 2 2 2 2 2
left_child=1 4 5 7 -1 10 11 16 17 18 19 23 24 29 -9 26 -3 -5 -7 -2 -11 -12 -13 -4 -10 -16 -8 -15 -18 -6
right_child=2 3 6 8 13 9 15 14 12 20 21 22 -14 27 25 -17 28 -19 -20 -21 -22 -23 -24 -25 -26 -27 -28 -29 -30 -31
leaf_value=-0.00093028144910931596 -9.7796722215467264e-05 -0.00051026477012783289 0.0001632090460938903 -0.00028449446775105804 -0.00067879674024879939 3.2425460602907054e-05 0.00026340779211176069 -0.000391170865027454 -0.00020361060669529254 0.00010331634270946268 -3.3189842547588532e-05 0.00021865653692726877 -0.00013423694164996873 -0.000593160092830658 -0.00034804706428985814 0.00031492014028826511 -0.00047105737030506134 -0.00023777454625815154 6.8781810308185721e-05 -6.1557399612865998e-05 0.00013836101294911811 -1.8118790123551591e-06 0.00024855012448053016 0.00019037214599760069 -0.00017693548225202507 -0.00031735035654616682 0.00029140289966738964 -0.0005599762474258359 -0.00043835499287619224 -0.00062976437620818624
leaf_weight=254 210 102 130 129 25 180 76 127 128 151 156 157 179 50 128 1652 51 130 180 128 152 154 132 124 133 73 129 78 77 25
leaf_count=254 210 102 130 129 25 180 76 127 128 151 156 157 179 50 128 1652 51 130 180 128 152 154 132 124 133 73 129 78 77 25
internal_value=-3.58829e-13 -0.000420838 0.000191537 -0.000293121 -0.000792458 1.59997e-05 0.000287425 -0.000407204 -0.000202051 8.27284e-05 -5.22736e-05 0.00020619 -0.000167325 -0.000595788 -0.000357913 0.000311178 -0.000477497 -0.000261044 5.06036e-05 -8.4073e-05 0.000120897 -1.76021e-05 0.00023231 0.00017647 -0.000190018 -0.000336899 0.000281024 -0.000572939 -0.000451385 -0.000654281
internal_weight=5400 1689 3711 1257 432 1311 2400 558 699 663 648 543 440 178 328 1857 230 259 360 338 303 310 289 254 261 201 205 128 128 50
internal_count=5400 1689 3711 1257 432 1311 2400 558 699 663 648 543 440 178 328 1857 230 259 360 338 303 310 289 254 261 201 205 128 128 50
is_linear=0
shrinkage=0.05


Tree=73
num_leaves=31
num_cat=0
split_feature=0 0 0 0 0 0 0 0 0 0 0 0 0 0 0 0 0 0 0 0 0 0 0 0 0 0 0 0 0 0
split_gain=0.157152 0.0317856 0.0190531 0.00542595 0.0047746 0.00179296 0.00138931 0.000804479 0.000554764 0.000233305 0.000222438 0.000164675 0.00012769 0.000105522 7.95882e-05 7.00496e-05 6.71392e-05 4.09949e-05 3.56625e-05 2.71187e-05 2.22966e-05 2.19105e-05 2.12894e-05 2.10195e-05 1.99326e-05 1.64221e-05 1.35817e-05 1.3212e-05 1.14692e-05 1.08488e-05
threshold=76.845000000000013 63.925000000000004 84.345000000000013 71.250000000000014 1.0000000180025095e-35 80.595000000000013 87.740000000000023 67.500000000000014 74.345000000000013 82.290000000000006 78.540000000000006 86.040000000000006 69.345000000000013 61.425000000000004 72.500000000000014 75.595000000000013 65.800000000000011 83.300000000000011 79.345000000000013 88.990000000000023 62.675000000000004 77.530000000000015 85.240000000000023 81.490000000000023 70.595000000000013 86.845000000000013 64.550000000000011 68.300000000000011 73.300000000000011 60.205000000000005
decision_type=2 2 2 2 2 2 2 2 2 2 2 2 2 2 2 2 2 2 2 2 2 2 2 2 2 2 2 2 2 2
left_child=1 4 5 7 -1 10 11 16 14 23 21 22 27 29 -5 -10 26 -11 -12 -8 -15 -2 -4 -7 -14 -13 -3 -9 -16 -6
right_child=2 3 6 8 13 9 19 12 15 17 18 25 24 20 28 -17 -18 -19 -20 -21 -22 -23 -24 -25 -26 -27 -28 -29 -30 -31
leaf_value=-0.00088376738131046295 -7.7029415801659512e-05 -0.00048593627288937572 0.00016746773050787549 -0.00024377424929907006 -0.0006448568776249886 4.8071466791894168e-05 0.00028063493667161493 -0.0003661101620680499 -0.00014835610665136676 0.00010600454655339878 -1.9551375014490859e-05 0.00022116919520901135 -0.00030906014495514457 -0.00055686157051619003 -0.00020697819118758719 -0.0001058946941205377 -0.00041139687660454532 0.0001412979286054478 1.4005177451131536e-05 0.00029980558902025227 -0.00051868623183844121 -4.8404474175427092e-05 0.00019516984845489957 7.5508549022964958e-05 -0.00027714800991816444 0.00024518113231095367 -0.0004526686443427167 -0.0003385225282981992 -0.00018460294006161337 -0.00059827617369592192
leaf_weight=254 106 51 150 127 25 155 209 103 183 178 129 131 126 77 103 207 101 153 205 1572 76 181 129 127 80 156 77 75 129 25
leaf_count=254 106 51 150 127 25 155 209 103 183 178 129 131 126 77 103 207 101 153 205 1572 76 181 129 127 80 156 77 75 129 25
internal_value=-4.56128e-13 -0.000378459 0.000192241 -0.000257388 -0.000739286 3.31853e-05 0.000275869 -0.000367702 -0.000167104 9.38467e-05 -2.66947e-05 0.00020763 -0.000323469 -0.000558507 -0.000211955 -0.000125819 -0.000441875 0.000122318 1.04471e-06 0.000297556 -0.000537899 -5.89768e-05 0.000180276 6.04279e-05 -0.000296667 0.000234221 -0.000465924 -0.000354486 -0.000194537 -0.000621567
internal_weight=5400 1819 3581 1362 457 1234 2347 613 749 613 621 566 384 203 359 390 229 331 334 1781 153 287 279 282 206 287 128 178 232 50
internal_count=5400 1819 3581 1362 457 1234 2347 613 749 613 621 566 384 203 359 390 229 331 334 1781 153 287 279 282 206 287 128 178 232 50
is_linear=0
shrinkage=0.05


Tree=74
num_leaves=31
num_cat=0
split_feature=0 0 0 0 0 0 0 0 0 0 0 0 0 0 0 0 0 0 0 0 0 0 0 0 0 0 0 0 0 0
split_gain=0.141839 0.0276657 0.0184308 0.00486234 0.00381266 0.00184357 0.00125465 0.000777457 0.000475793 0.000265111 0.000208911 0.000119133 9.89773e-05 9.28401e-05 8.27806e-05 7.72287e-05 5.20344e-05 4.99577e-05 3.69979e-05 2.92907e-05 2.85906e-05 2.51606e-05 1.77814e-05 1.47535e-05 1.45172e-05 1.43071e-05 1.19553e-05 1.18157e-05 1.1172e-05 9.79104e-06
threshold=76.490000000000023 63.300000000000004 84.345000000000013 70.800000000000011 1.0000000180025095e-35 80.240000000000023 87.530000000000015 67.500000000000014 74.345000000000013 82.290000000000006 78.300000000000011 85.800000000000011 72.050000000000011 69.345000000000013 65.175000000000011 61.425000000000004 88.780000000000015 75.240000000000023 83.300000000000011 81.280000000000015 77.530000000000015 79.345000000000013 66.425000000000011 73.300000000000011 86.490000000000023 85.030000000000015 68.095000000000013 70.000000000000014 62.050000000000004 60.205000000000005
decision_type=2 2 2 2 2 2 2 2 2 2 2 2 2 2 2 2 2 2 2 2 2 2 2 2 2 2 2 2 2 2
left_child=1 4 5 7 -1 10 11 14 12 19 20 25 -5 26 -3 29 -8 -10 -11 -7 -2 -12 -16 -14 -13 -4 -9 -15 -17 -6
right_child=2 3 6 8 15 9 16 13 17 18 21 24 23 27 22 28 -18 -19 -20 -21 -22 -23 -24 -25 -26 -27 -28 -29 -30 -31
leaf_value=-0.00083957901224493989 -7.9040924496830831e-05 -0.00046047735867985322 0.00015393336676061155 -0.00024110886552080048 -0.00061261402443051343 3.6930599918716823e-05 0.00025780921591698981 -0.0003566620871424675 -0.00014778317916872247 0.00010070431666197568 -2.0339523306897571e-05 0.00020236943690281995 -0.00019928596953522096 -0.00030038387257940114 -0.00041912752385069805 -0.00053565902635455132 0.00028448388593701215 -0.00010843480545345967 0.00013423303196973661 6.6686628852039579e-05 -4.8816415364854038e-05 8.1958674834161452e-06 -0.00038492178544402127 -0.0001753727929818249 0.00022628784792709956 0.00017828482385467444 -0.00032832416072487835 -0.00027447684649562485 -0.00050538240466266868 -0.00056836237199604518
leaf_weight=254 158 102 100 128 25 153 206 53 133 178 155 106 129 78 77 50 1625 205 153 180 155 154 75 129 158 152 125 101 78 25
leaf_count=254 158 102 100 128 25 153 206 53 133 178 155 106 129 78 77 50 1625 205 153 180 155 154 75 129 158 152 125 101 78 25
internal_value=-3.98499e-12 -0.000367438 0.000178713 -0.000254894 -0.000715232 2.65719e-05 0.000262076 -0.000358767 -0.000167234 8.45136e-05 -3.52821e-05 0.000193212 -0.000205163 -0.000311192 -0.000425632 -0.000537793 0.000281483 -0.000123918 0.000116202 5.30149e-05 -6.40735e-05 -6.118e-06 -0.00040225 -0.000187329 0.000216684 0.000168622 -0.000336762 -0.000285766 -0.000517209 -0.000590488
internal_weight=5400 1767 3633 1335 432 1286 2347 611 724 664 622 516 386 357 254 178 1831 338 331 333 313 309 152 258 264 252 178 179 128 50
internal_count=5400 1767 3633 1335 432 1286 2347 611 724 664 622 516 386 357 254 178 1831 338 331 333 313 309 152 258 264 252 178 179 128 50
is_linear=0
shrinkage=0.05


Tree=75
num_leaves=31
num_cat=0
split_feature=0 0 0 0 0 0 0 0 0 0 0 0 0 0 0 0 0 0 0 0 0 0 0 0 0 0 0 0 0 0
split_gain=0.128019 0.0231424 0.0189479 0.0043287 0.00250414 0.00170447 0.00154066 0.000660204 0.000506838 0.000201676 0.000184614 0.000133862 0.000115125 8.77072e-05 8.10868e-05 6.71741e-05 6.48056e-05 4.107e-05 2.8752e-05 2.47723e-05 2.25914e-05 2.13321e-05 1.46502e-05 1.35356e-05 1.29101e-05 1.15749e-05 1.07742e-05 9.51839e-06 9.01021e-06 8.95302e-06
threshold=75.800000000000011 62.675000000000004 83.540000000000006 70.000000000000014 1.0000000180025095e-35 86.845000000000013 79.550000000000011 66.425000000000011 73.095000000000013 81.490000000000023 77.740000000000023 88.095000000000013 85.240000000000023 68.095000000000013 74.550000000000011 71.845000000000013 64.550000000000011 61.425000000000004 82.740000000000023 76.845000000000013 78.540000000000006 80.595000000000013 86.280000000000015 69.345000000000013 84.550000000000011 88.990000000000023 63.300000000000004 75.240000000000023 70.800000000000011 67.500000000000014
decision_type=2 2 2 2 2 2 2 2 2 2 2 2 2 2 2 2 2 2 2 2 2 2 2 2 2 2 2 2 2 2
left_child=1 4 6 7 -1 12 10 16 15 21 19 -7 24 29 -10 28 26 -6 -11 -2 -12 -8 -14 -15 -4 -13 -3 -16 -5 -9
right_child=2 3 5 8 17 11 9 13 14 18 20 25 22 23 27 -17 -18 -19 -20 -21 -22 -23 -24 -25 -26 -27 -28 -29 -30 -31
leaf_value=-0.00079760001972317696 -9.2422165081746169e-05 -0.00047411038540303709 0.00013365882400725058 -0.00026075301673447732 -0.00056096378248184922 0.00022674878071633661 1.6951212149395264e-05 -0.00036567570175975565 -0.0001656228068491651 7.4822258025297685e-05 -3.9769534464889709e-05 0.00025639411347882845 0.00017828000888514978 -0.00031190794724971058 -0.00013408355571070237 -0.0002036322746425867 -0.00040295967126934278 -0.00050276636279055051 0.00010508197128729081 -6.4243862715365876e-05 -1.2479055759713248e-05 4.3312632197123625e-05 0.0002025070250965655 -0.00028536466624922097 0.00015623419395914036 0.00027059111744165421 -0.00044440251566763776 -0.00011096411617472768 -0.00023796237165745544 -0.00033882898278534416
leaf_weight=254 155 51 179 101 50 207 152 75 234 203 130 158 156 125 79 130 103 77 128 157 182 155 104 78 98 1572 76 102 76 53
leaf_count=254 155 51 179 101 50 207 152 75 234 203 130 158 156 125 79 130 103 77 128 157 182 155 104 78 98 1572 76 102 76 53
internal_value=1.77663e-12 -0.000364784 0.000162474 -0.000263172 -0.00070696 0.000242896 4.81498e-06 -0.000367361 -0.000182216 5.94506e-05 -5.10464e-05 0.000264748 0.000164075 -0.000322147 -0.000146185 -0.000230923 -0.000432431 -0.000525679 8.65239e-05 -7.82427e-05 -2.38501e-05 3.02607e-05 0.000187971 -0.000301709 0.000141646 0.000269295 -0.000456332 -0.000121055 -0.000250967 -0.000354559
internal_weight=5400 1664 3736 1283 381 2474 1262 561 722 638 624 1937 537 331 415 307 230 127 331 312 312 307 260 203 277 1730 127 181 177 128
internal_count=5400 1664 3736 1283 381 2474 1262 561 722 638 624 1937 537 331 415 307 230 127 331 312 312 307 260 203 277 1730 127 181 177 128
is_linear=0
shrinkage=0.05


Tree=76
num_leaves=31
num_cat=0
split_feature=0 0 0 0 0 0 0 0 0 0 0 0 0 0 0 0 0 0 0 0 0 0 0 0 0 0 0 0 0 0
split_gain=0.11554 0.0216633 0.0160896 0.00361866 0.00310543 0.0015034 0.00123071 0.000514374 0.000416515 0.000216027 0.00017036 0.00011173 7.29927e-05 6.49183e-05 6.29033e-05 6.11519e-05 5.5272e-05 5.23545e-05 3.12086e-05 2.51089e-05 2.31182e-05 1.99664e-05 1.63756e-05 1.22236e-05 1.16606e-05 1.04633e-05 1.00891e-05 9.43657e-06 9.29356e-06 8.83643e-06
threshold=76.280000000000015 63.300000000000004 83.990000000000023 70.595000000000013 1.0000000180025095e-35 80.030000000000015 87.290000000000006 67.050000000000011 73.570000000000007 82.050000000000011 78.095000000000013 85.595000000000013 72.050000000000011 74.820000000000007 61.425000000000004 68.300000000000011 88.540000000000006 65.175000000000011 81.040000000000006 83.095000000000013 77.290000000000006 78.990000000000023 86.490000000000023 84.790000000000006 69.550000000000011 87.740000000000023 71.845000000000013 62.050000000000004 75.595000000000013 60.205000000000005
decision_type=2 2 2 2 2 2 2 2 2 2 2 2 2 2 2 2 2 2 2 2 2 2 2 2 2 2 2 2 2 2
left_child=1 4 5 7 -1 10 11 17 12 18 20 23 26 -10 29 -9 25 -3 -7 -11 -2 -12 -13 -4 -17 -8 -5 -16 -15 -6
right_child=2 3 6 8 14 9 16 15 13 19 21 22 -14 28 27 24 -18 -19 -20 -21 -22 -23 -24 -25 -26 -27 -28 -29 -30 -31
leaf_value=-0.00075772004202008254 -7.7905146259894624e-05 -0.00041576157616195729 0.0001330135742094941 -0.0002319389817037786 -0.00055393516086041925 2.6532413337716006e-05 0.00021428962507726333 -0.00031867143716369795 -0.00014836168828893638 8.4107033430370478e-05 -2.7006526551513863e-05 0.00017826859031026818 -0.00017777569883037359 -0.00011794219391566574 -0.00048373774625360967 -0.00028344491638563344 0.00025653269444366795 -0.00036774338841496503 5.5975666101504539e-05 0.00011289391557894353 -5.0296175231778761e-05 -1.6272882139555925e-06 0.00020216217116368089 0.00015495699640708947 -0.00025840328547031914 0.00023767684907616342 -0.000205851043574512 -0.00045591181573959499 -9.6545421972520434e-05 -0.00051189605146646506
leaf_weight=254 186 102 130 129 25 180 76 127 183 151 156 157 156 102 50 128 1652 128 180 152 128 154 132 124 73 129 52 78 101 25
leaf_count=254 186 102 130 129 25 180 76 127 183 151 156 157 156 102 50 128 1652 128 180 152 128 154 132 124 73 129 52 78 101 25
internal_value=-2.3273e-13 -0.00033931 0.000157645 -0.000236053 -0.000645497 1.50113e-05 0.000234133 -0.000331711 -0.000162225 6.74381e-05 -4.06921e-05 0.000167919 -0.000202841 -0.000126765 -0.000485358 -0.000291511 0.000253494 -0.000389038 4.1254e-05 9.8548e-05 -6.66505e-05 -1.43988e-05 0.000189182 0.000143726 -0.00027435 0.000229006 -0.000224444 -0.000466781 -0.000107297 -0.000532916
internal_weight=5400 1713 3687 1281 432 1287 2400 558 723 663 624 543 337 386 178 328 1857 230 360 303 314 310 289 254 201 205 181 128 203 50
internal_count=5400 1713 3687 1281 432 1287 2400 558 723 663 624 543 337 386 178 328 1857 230 360 303 314 310 289 254 201 205 181 128 203 50
is_linear=0
shrinkage=0.05


Tree=77
num_leaves=31
num_cat=0
split_feature=0 0 0 0 0 0 0 0 0 0 0 0 0 0 0 0 0 0 0 0 0 0 0 0 0 0 0 0 0 0
split_gain=0.104282 0.0211002 0.0126384 0.00359782 0.00316074 0.00118934 0.000925227 0.000531252 0.000369322 0.000155875 0.000146761 0.000109117 8.43054e-05 6.92293e-05 5.26438e-05 4.58285e-05 4.57608e-05 2.24488e-05 1.88641e-05 1.87532e-05 1.79354e-05 1.78727e-05 1.47594e-05 1.41361e-05 1.31858e-05 1.021e-05 9.20334e-06 8.66516e-06 7.97487e-06 7.47141e-06
threshold=76.845000000000013 63.925000000000004 84.345000000000013 71.250000000000014 1.0000000180025095e-35 80.595000000000013 87.740000000000023 67.500000000000014 74.345000000000013 82.530000000000015 78.780000000000015 85.800000000000011 69.345000000000013 61.425000000000004 72.500000000000014 65.800000000000011 75.595000000000013 83.540000000000006 81.490000000000023 79.550000000000011 77.740000000000023 88.990000000000023 62.675000000000004 86.490000000000023 70.595000000000013 85.030000000000015 68.300000000000011 64.550000000000011 60.205000000000005 73.570000000000007
decision_type=2 2 2 2 2 2 2 2 2 2 2 2 2 2 2 2 2 2 2 2 2 2 2 2 2 2 2 2 2 2
left_child=1 4 5 7 -1 10 11 15 14 18 20 25 26 28 -5 27 -10 -11 -7 -12 -2 -8 -15 -13 -14 -4 -9 -3 -6 -16
right_child=2 3 6 8 13 9 21 12 16 17 19 23 24 22 29 -17 -18 -19 -20 -21 -22 -23 -24 -25 -26 -27 -28 -29 -30 -31
leaf_value=-0.00071983402594923975 -5.781344891819439e-05 -0.0003956073895096779 0.00013210892106872054 -0.00019860587955459834 -0.00052623837254941466 3.907954829159163e-05 0.00022867178715961544 -0.00029843776843971711 -0.00012066269234901731 9.0342450473625019e-05 -9.4076226548405563e-06 0.0001738292852609928 -0.00025183514337099737 -0.00045392903402544462 -0.00016650914107091153 -0.00033457285729190798 -8.6343408773702709e-05 0.00011785969075812835 6.3828189759910882e-05 1.5230920751874742e-05 -3.383690413395544e-05 0.00024423492141067982 -0.00042286924466392712 0.00019626369478198914 -0.00022587985469726846 0.0001526802455804213 -0.00027541256447633113 -0.0003690348572230765 -0.00048630125820636749 -0.00014843142742071959
leaf_weight=254 157 51 100 127 25 155 209 103 183 178 157 106 126 77 130 101 207 127 153 152 155 1572 76 208 80 152 75 77 25 102
leaf_count=254 157 51 100 127 25 155 209 103 183 178 157 106 126 77 130 101 207 127 153 152 155 1572 76 208 80 152 75 77 25 102
internal_value=-9.71526e-13 -0.000308293 0.0001566 -0.00020965 -0.00060228 2.70574e-05 0.000224711 -0.000299478 -0.000136133 7.64636e-05 -2.17123e-05 0.000169023 -0.000263533 -0.000455193 -0.000172727 -0.000359753 -0.000102447 0.0001018 5.13735e-05 2.71231e-06 -4.5902e-05 0.000242409 -0.000438501 0.00018869 -0.000241755 0.000144517 -0.000288736 -0.000379622 -0.00050627 -0.000158561
internal_weight=5400 1819 3581 1362 457 1234 2347 613 749 613 621 566 384 203 359 229 390 305 308 309 312 1781 153 314 206 252 178 128 50 232
internal_count=5400 1819 3581 1362 457 1234 2347 613 749 613 621 566 384 203 359 229 390 305 308 309 312 1781 153 314 206 252 178 128 50 232
is_linear=0
shrinkage=0.05


Tree=78
num_leaves=31
num_cat=0
split_feature=0 0 0 0 0 0 0 0 0 0 0 0 0 0 0 0 0 0 0 0 0 0 0 0 0 0 0 0 0 0
split_gain=0.0941193 0.0183568 0.0122263 0.00298255 0.00285257 0.00122525 0.000835018 0.000434858 0.000317283 0.000177029 0.000138469 9.84828e-05 6.59454e-05 6.24794e-05 6.14903e-05 4.13602e-05 3.27126e-05 3.06062e-05 1.89447e-05 1.68994e-05 1.61301e-05 1.52339e-05 1.33204e-05 1.29249e-05 9.74857e-06 9.67536e-06 8.45241e-06 7.87856e-06 7.82032e-06 7.19732e-06
threshold=76.490000000000023 63.925000000000004 84.345000000000013 70.800000000000011 1.0000000180025095e-35 80.240000000000023 87.740000000000023 67.500000000000014 74.345000000000013 82.050000000000011 78.300000000000011 86.040000000000006 72.050000000000011 61.425000000000004 69.345000000000013 65.800000000000011 75.240000000000023 83.095000000000013 77.530000000000015 79.345000000000013 88.990000000000023 81.040000000000006 62.675000000000004 85.240000000000023 73.095000000000013 86.845000000000013 68.095000000000013 70.000000000000014 64.550000000000011 60.205000000000005
decision_type=2 2 2 2 2 2 2 2 2 2 2 2 2 2 2 2 2 2 2 2 2 2 2 2 2 2 2 2 2 2
left_child=1 4 5 7 -1 10 11 15 12 21 18 23 -5 29 26 28 -10 -11 -2 -12 -8 -7 -15 -4 -14 -13 -9 -16 -3 -6
right_child=2 3 6 8 13 9 20 14 16 17 19 25 24 22 27 -17 -18 -19 -20 -21 -22 -23 -24 -25 -26 -27 -28 -29 -30 -31
leaf_value=-0.00068384231999516496 -6.4384743948526019e-05 -0.00037582702934741975 0.00012943847423108916 -0.00019656764816318174 -0.00049992646090686328 2.7957991210314504e-05 0.00021723819602476925 -0.00029103208798915149 -0.0001201930202025556 7.5832317970286049e-05 -1.6672813883727237e-05 0.00017111748332541637 -0.00016743455392618974 -0.0004312325631836792 -0.00024473374494566371 -0.00031784422013281596 -8.8352267176094586e-05 0.00010549665229940197 -3.9781545356456789e-05 6.7133133208179583e-06 0.00023202318698167801 5.0521693418785519e-05 -0.00040172580078146172 0.00015102309894986278 -0.00014627206740745654 0.00018954838384301043 -0.00026720464564859866 -0.00022357879621483906 -0.00035058311398395087 -0.00046198619529604914
leaf_weight=254 158 51 150 128 25 128 209 53 133 151 155 131 78 77 78 101 205 205 155 154 1572 180 76 129 180 156 125 101 77 25
leaf_count=254 158 51 150 128 25 128 209 53 133 151 155 131 78 77 78 101 205 205 155 154 1572 180 76 129 180 156 125 101 77 25
internal_value=2.84786e-12 -0.000299314 0.000145579 -0.000204128 -0.000572166 2.16646e-05 0.000213475 -0.000287987 -0.000136253 6.89006e-05 -2.8761e-05 0.000160572 -0.000167227 -0.000432433 -0.00025349 -0.000341766 -0.000100881 9.29143e-05 -5.22011e-05 -5.01759e-06 0.000230288 4.11446e-05 -0.000416576 0.000139418 -0.00015267 0.000181136 -0.000274299 -0.000232797 -0.000360641 -0.000480956
internal_weight=5400 1767 3633 1310 457 1286 2347 586 724 664 622 566 386 203 357 229 338 356 313 309 1781 308 153 279 258 287 178 179 128 50
internal_count=5400 1767 3633 1310 457 1286 2347 586 724 664 622 566 386 203 357 229 338 356 313 309 1781 308 153 279 258 287 178 179 128 50
is_linear=0
shrinkage=0.05


Tree=79
num_leaves=31
num_cat=0
split_feature=0 0 0 0 0 0 0 0 0 0 0 0 0 0 0 0 0 0 0 0 0 0 0 0 0 0 0 0 0 0
split_gain=0.0849507 0.0153538 0.0125749 0.00313571 0.00130884 0.00113188 0.00102126 0.000474299 0.000381831 0.000153219 0.000114735 0.000107299 7.28961e-05 5.73183e-05 4.79971e-05 4.08428e-05 3.0341e-05 2.45682e-05 2.0103e-05 1.55675e-05 1.46468e-05 1.439e-05 1.23178e-05 1.1954e-05 1.19119e-05 1.09661e-05 7.60055e-06 6.04958e-06 6.00499e-06 5.39428e-06
threshold=75.800000000000011 62.050000000000004 83.540000000000006 69.550000000000011 1.0000000180025095e-35 87.290000000000006 80.030000000000015 66.425000000000011 72.500000000000014 78.095000000000013 85.595000000000013 81.845000000000013 74.550000000000011 63.925000000000004 68.095000000000013 88.095000000000013 71.250000000000014 76.845000000000013 60.205000000000005 84.550000000000011 78.990000000000023 80.800000000000011 73.570000000000007 86.280000000000015 82.740000000000023 64.550000000000011 88.990000000000023 75.240000000000023 68.750000000000014 67.050000000000011
decision_type=2 2 2 2 2 2 2 2 2 2 2 2 2 2 2 2 2 2 2 2 2 2 2 2 2 2 2 2 2 2
left_child=1 4 6 7 -1 10 9 13 16 17 19 21 22 -3 29 -7 -5 -2 -6 -4 -11 -8 -10 -12 -13 -15 -17 -14 -16 -9
right_child=2 3 5 8 18 15 11 14 12 20 23 24 27 25 28 26 -18 -19 -20 -21 -22 -23 -24 -25 -26 -27 -28 -29 -30 -31
leaf_value=-0.00064965020865201959 -7.5278414954100886e-05 -0.00038625850089039042 0.00010901853902650445 -0.00021220641804165115 -0.00047493013553321365 0.00018999426805333595 2.0751145811201158e-05 -0.00030121491290628914 -0.0001504468278457912 -2.3145316794025118e-05 0.00014870435598173312 6.4892346317601673e-05 -0.00010891966359642676 -0.00035703566391021013 -0.00025947255063291693 0.00020891771507390504 -0.000179145409446943 -4.8981044025052915e-05 -0.00042315749451518061 0.00013089601002046027 -1.4083542421392308e-06 4.2401435210527789e-05 -0.00012960739117354536 0.00016984764800366501 8.5532846151181735e-05 -0.00032868571782900587 0.00022042202763259411 -9.048826554242303e-05 -0.00024080101622357258 -0.00028024912424772592
leaf_weight=254 155 103 179 153 25 127 154 51 130 156 105 154 79 51 73 158 127 208 75 149 154 153 156 184 128 103 1572 102 105 77
leaf_count=254 155 103 179 153 25 127 154 51 130 156 105 154 79 51 73 158 127 208 75 149 154 153 156 184 128 103 1572 102 105 77
internal_value=3.20128e-12 -0.000297155 0.000132352 -0.000218202 -0.000589325 0.000197868 3.91518e-06 -0.000307309 -0.000151045 -3.81631e-05 0.000139196 5.19944e-05 -0.000123365 -0.000357385 -0.000265251 0.000217362 -0.000197211 -6.02099e-05 -0.000436101 0.000118957 -1.2347e-05 3.1541e-05 -0.00013908 0.000162166 7.42611e-05 -0.000338074 0.000219371 -9.85329e-05 -0.000248458 -0.000288603
internal_weight=5400 1664 3736 1310 354 2474 1262 563 747 673 617 589 467 257 306 1857 280 363 100 328 310 307 286 289 282 154 1730 181 178 128
internal_count=5400 1664 3736 1310 354 2474 1262 563 747 673 617 589 467 257 306 1857 280 363 100 328 310 307 286 289 282 154 1730 181 178 128
is_linear=0
shrinkage=0.05


Tree=80
num_leaves=31
num_cat=0
split_feature=0 0 0 0 0 0 0 0 0 0 0 0 0 0 0 0 0 0 0 0 0 0 0 0 0 0 0 0 0 0
split_gain=0.0766705 0.0143787 0.0106759 0.00240074 0.00205601 0.000996344 0.000816546 0.000340357 0.00027494 0.000143099 0.000113509 7.36879e-05 4.86176e-05 4.37781e-05 4.20921e-05 4.04836e-05 3.70008e-05 3.46291e-05 2.48737e-05 1.67113e-05 1.37836e-05 1.226e-05 1.08723e-05 8.13621e-06 7.67628e-06 7.41025e-06 6.23021e-06 6.13905e-06 5.83952e-06 5.83938e-06
threshold=76.280000000000015 63.300000000000004 83.990000000000023 70.595000000000013 1.0000000180025095e-35 80.240000000000023 87.290000000000006 67.050000000000011 73.570000000000007 78.300000000000011 82.050000000000011 85.595000000000013 72.050000000000011 74.820000000000007 61.425000000000004 68.750000000000014 88.780000000000015 65.175000000000011 77.290000000000006 83.095000000000013 79.345000000000013 81.040000000000006 86.490000000000023 84.790000000000006 87.740000000000023 71.845000000000013 62.050000000000004 65.800000000000011 68.095000000000013 75.595000000000013
decision_type=2 2 2 2 2 2 2 2 2 2 2 2 2 2 2 2 2 2 2 2 2 2 2 2 2 2 2 2 2 2
left_child=1 4 5 7 -1 9 11 17 12 18 21 23 25 -10 -6 28 24 -3 -2 -12 -11 -7 -13 -4 -8 -5 -16 -19 -9 -15
right_child=2 3 6 8 14 10 16 15 13 20 19 22 -14 29 26 -17 -18 27 -20 -21 -22 -23 -24 -25 -26 -27 -28 -29 -30 -31
leaf_value=-0.00061716772615909581 -6.3540726106473672e-05 -0.00033856211504077214 0.00010840274133862784 -0.00018920035195327546 -0.00043445632327347998 2.5302648111846793e-05 0.00017478482669072324 -0.00026623667036364604 -0.0001210723877655434 -1.5046527269371456e-05 6.8454351777284852e-05 0.00014516512357635769 -0.00014468982408288866 -9.5788476413444568e-05 -0.00039413492195308211 -0.00022137029373788097 0.00020916090769549975 -0.00031296433880925181 -3.7504537452336466e-05 9.1939103118707666e-05 6.0739437614827624e-06 4.554442081522818e-05 0.0001646341165090262 0.00012630531592519893 0.00019416332891127334 -0.00016684253932908177 -0.00037152526291230552 -0.00029059798916342198 -0.00024649892448868656 -7.8827904198447814e-05
leaf_weight=254 186 102 130 129 50 128 76 77 183 155 151 157 156 102 50 178 1625 51 181 152 154 180 132 124 156 52 78 77 73 101
leaf_count=254 186 102 130 129 50 128 76 77 183 155 151 157 156 102 50 178 1625 51 181 152 154 180 132 124 156 52 78 77 73 101
internal_value=-1.00327e-12 -0.000276404 0.000128419 -0.000192281 -0.000525854 1.22334e-05 0.000190724 -0.000270196 -0.000132147 -2.95913e-05 5.85075e-05 0.00013679 -0.000165146 -0.000103338 -0.000395554 -0.000237496 0.000206494 -0.000316829 -5.07e-05 8.02355e-05 -4.52047e-06 3.71323e-05 0.000154058 0.000117143 0.000187815 -0.000182777 -0.000380357 -0.00029951 -0.000256631 -8.735e-05
internal_weight=5400 1713 3687 1281 432 1287 2400 558 723 676 611 543 337 386 178 328 1857 230 367 303 309 308 289 254 232 181 128 128 150 203
internal_count=5400 1713 3687 1281 432 1287 2400 558 723 676 611 543 337 386 178 328 1857 230 367 303 309 308 289 254 232 181 128 128 150 203
is_linear=0
shrinkage=0.05


Tree=81
num_leaves=31
num_cat=0
split_feature=0 0 0 0 0 0 0 0 0 0 0 0 0 0 0 0 0 0 0 0 0 0 0 0 0 0 0 0 0 0
split_gain=0.0691992 0.0139994 0.00838318 0.00238659 0.00209521 0.00089492 0.000506709 0.00035224 0.000245435 0.000122895 0.000103954 5.65547e-05 5.38424e-05 4.65635e-05 3.47211e-05 3.0325e-05 3.00963e-05 1.9361e-05 1.36329e-05 1.283e-05 1.23917e-05 1.18639e-05 9.99308e-06 8.9109e-06 7.34273e-06 6.39176e-06 6.07056e-06 5.78749e-06 5.59607e-06 4.74204e-06
threshold=76.845000000000013 63.925000000000004 84.550000000000011 71.250000000000014 1.0000000180025095e-35 80.800000000000011 87.740000000000023 67.500000000000014 74.345000000000013 78.990000000000023 82.740000000000023 69.345000000000013 86.280000000000015 61.425000000000004 72.050000000000011 65.800000000000011 75.240000000000023 78.095000000000013 83.540000000000006 81.845000000000013 80.030000000000015 88.990000000000023 62.675000000000004 70.595000000000013 73.095000000000013 85.240000000000023 68.300000000000011 64.550000000000011 60.205000000000005 86.845000000000013
decision_type=2 2 2 2 2 2 2 2 2 2 2 2 2 2 2 2 2 2 2 2 2 2 2 2 2 2 2 2 2 2
left_child=1 4 5 7 -1 9 12 15 14 17 19 26 25 28 -5 27 -10 -2 -12 -7 -11 -8 -15 -13 -16 -4 -9 -3 -6 -14
right_child=2 3 6 8 13 10 21 11 16 20 18 23 29 22 24 -17 -18 -19 -20 -21 -22 -23 -24 -25 -26 -27 -28 -29 -30 -31
leaf_value=-0.00058630933053791532 -4.4156068906886506e-05 -0.00032225577160716057 0.00011472065709721373 -0.00016559537945057054 -0.00042946082539856438 3.8176131270387594e-05 0.00018626296158621544 -0.00024320168479445201 -0.0001027580650866424 -1.2850545763521715e-06 7.7117934324633097e-05 -0.00020512942195175188 0.0001488253357820213 -0.00036984965652711208 -0.0001438276842236519 -0.00027254631945697387 -7.3458137514308846e-05 -2.0854226675463651e-05 9.8487783376876708e-05 5.8619243541865476e-05 1.8773096906136142e-05 0.00019894286524504425 -0.00034429246136967684 -0.00018379238696070388 -0.00012546124421836187 0.00013101443787141202 -0.00022450153498599926 -0.00030053928010649497 -0.00039600618183612826 0.00016260886287245042
leaf_weight=254 208 51 98 101 25 153 209 103 133 154 128 126 104 77 78 101 257 156 179 154 154 1572 76 80 180 156 75 77 25 156
leaf_count=254 208 51 98 101 25 153 209 103 133 154 128 126 104 77 78 101 257 156 179 154 154 1572 76 80 180 156 75 77 25 156
internal_value=-2.92014e-12 -0.000251136 0.000127567 -0.000170788 -0.000490599 2.53687e-05 0.000184833 -0.000243949 -0.000110911 -1.45008e-05 6.90044e-05 -0.00021468 0.000141101 -0.000370844 -0.000140743 -0.000293029 -8.34502e-05 -3.41696e-05 8.95779e-05 4.8431e-05 8.74402e-06 0.000197455 -0.000357155 -0.000196843 -0.000131014 0.000124728 -0.000235322 -0.000309192 -0.000412734 0.000157095
internal_weight=5400 1819 3581 1362 457 1286 2295 613 749 672 614 384 514 203 359 229 390 364 307 307 308 1781 153 206 258 254 178 128 50 260
internal_count=5400 1819 3581 1362 457 1286 2295 613 749 672 614 384 514 203 359 229 390 364 307 307 308 1781 153 206 258 254 178 128 50 260
is_linear=0
shrinkage=0.05


Tree=82
num_leaves=31
num_cat=0
split_feature=0 0 0 0 0 0 0 0 0 0 0 0 0 0 0 0 0 0 0 0 0 0 0 0 0 0 0 0 0 0
split_gain=0.0624607 0.0114995 0.0089619 0.00186987 0.00167363 0.000773779 0.000758305 0.000277639 0.000205503 0.00010157 9.12677e-05 7.5835e-05 3.58392e-05 3.4167e-05 3.33819e-05 3.28972e-05 3.0389e-05 2.80999e-05 1.54758e-05 1.20825e-05 1.07136e-05 1.04309e-05 9.56551e-06 8.85517e-06 5.51175e-06 5.30007e-06 5.19383e-06 5.1741e-06 5.05045e-06 4.85598e-06
threshold=76.040000000000006 63.300000000000004 83.780000000000015 70.595000000000013 1.0000000180025095e-35 87.290000000000006 80.030000000000015 67.050000000000011 73.300000000000011 78.095000000000013 81.845000000000013 85.595000000000013 74.820000000000007 61.425000000000004 71.845000000000013 68.750000000000014 88.095000000000013 65.175000000000011 77.050000000000011 82.740000000000023 78.990000000000023 80.800000000000011 84.790000000000006 86.280000000000015 88.990000000000023 69.550000000000011 62.050000000000004 66.425000000000011 60.205000000000005 68.095000000000013
decision_type=2 2 2 2 2 2 2 2 2 2 2 2 2 2 2 2 2 2 2 2 2 2 2 2 2 2 2 2 2 2
left_child=1 4 6 7 -1 11 9 17 14 18 21 22 -10 28 -5 29 -7 -3 -2 -12 -11 -8 -4 -13 -18 -17 -15 -19 -6 -9
right_child=2 3 5 8 13 16 10 15 12 20 19 23 -14 26 -16 25 24 27 -20 -21 -22 -23 -24 -25 -26 -27 -28 -29 -30 -31
leaf_value=-0.00055699385702610014 -5.9991899963832748e-05 -0.00030552793645719981 9.5851025505085065e-05 -0.00017089631458989873 -0.0004079877864569426 0.00016276082830635582 1.7834441867118774e-05 -0.00024030743100281272 -0.00011090176545881801 -1.9811515010541114e-05 5.5688278267293105e-05 0.00012746016328622189 -8.0451719311986893e-05 -0.00035593567881733181 -0.00013760950188641309 -0.00020695629063993692 0.00017919896658262404 -0.00027853041651428907 -3.8509380129806992e-05 7.5526941290697441e-05 -1.2208016258157002e-06 3.6267324535669209e-05 0.00011391894311659158 0.00014565775535352852 0.00018899573478847742 -0.00018941487778896746 -0.00033529203456754869 -0.00025799695868045092 -0.00037620586808770898 -0.00022230848465880305
leaf_weight=254 184 102 179 129 25 127 154 77 210 156 154 105 179 50 181 105 158 77 154 153 154 153 124 184 1572 73 78 51 25 73
leaf_count=254 184 102 179 129 25 127 154 77 210 156 154 105 179 50 181 105 158 77 154 153 154 153 124 184 1572 73 78 51 25 73
internal_value=1.85797e-12 -0.000252062 0.000114722 -0.000175578 -0.000474608 0.000170499 6.48135e-06 -0.000243832 -0.000121092 -3.12462e-05 4.62981e-05 0.000120722 -9.689e-05 -0.000357047 -0.000151461 -0.000214298 0.000186368 -0.00028595 -5.0204e-05 6.55753e-05 -1.05761e-05 2.70209e-05 0.000103245 0.000139046 0.000188101 -0.000199762 -0.000343356 -0.000270349 -0.000392097 -0.000231548
internal_weight=5400 1689 3711 1257 432 2449 1262 558 699 648 614 592 389 178 310 328 1857 230 338 307 310 307 303 289 1730 178 128 128 50 150
internal_count=5400 1689 3711 1257 432 2449 1262 558 699 648 614 592 389 178 310 328 1857 230 338 307 310 307 303 289 1730 178 128 128 50 150
is_linear=0
shrinkage=0.05


Tree=83
num_leaves=31
num_cat=0
split_feature=0 0 0 0 0 0 0 0 0 0 0 0 0 0 0 0 0 0 0 0 0 0 0 0 0 0 0 0 0 0
split_gain=0.0563744 0.0101906 0.00834228 0.00190647 0.00109773 0.000750822 0.000676933 0.00029178 0.000223437 9.01194e-05 8.09346e-05 6.70654e-05 3.77328e-05 3.70094e-05 3.57342e-05 2.94357e-05 2.81482e-05 1.84374e-05 1.22167e-05 1.20831e-05 1.12415e-05 1.08464e-05 7.68787e-06 5.90929e-06 5.40435e-06 4.97435e-06 4.85204e-06 4.765e-06 4.15946e-06 3.8272e-06
threshold=75.800000000000011 62.675000000000004 83.540000000000006 70.000000000000014 1.0000000180025095e-35 87.050000000000011 79.790000000000006 66.425000000000011 73.095000000000013 77.740000000000023 81.845000000000013 85.240000000000023 68.095000000000013 88.095000000000013 74.550000000000011 71.845000000000013 64.550000000000011 60.205000000000005 80.800000000000011 78.780000000000015 86.280000000000015 76.845000000000013 82.740000000000023 69.345000000000013 84.550000000000011 88.990000000000023 63.925000000000004 73.990000000000023 61.425000000000004 75.240000000000023
decision_type=2 2 2 2 2 2 2 2 2 2 2 2 2 2 2 2 2 2 2 2 2 2 2 2 2 2 2 2 2 2
left_child=1 4 6 7 -1 11 9 16 15 21 18 24 -9 -7 27 -5 26 -6 -8 -11 -13 -2 -12 -14 -4 -15 -3 -10 -19 -16
right_child=2 3 5 8 17 13 10 12 14 19 22 20 23 25 29 -17 -18 28 -20 -21 -22 -23 -24 -25 -26 -27 -28 -29 -30 -31
leaf_value=-0.00052914414554834372 -6.1258321229909211e-05 -0.00031080278445427356 8.8912770984559092e-05 -0.00016652371873816023 -0.00038758839946240187 0.00015304032317514903 1.5261286291749173e-05 -0.00023498782829847189 -0.00011638897085504142 -2.4723845980911246e-05 5.2903866294813775e-05 0.00011831205383014794 -0.0002070616975426674 0.00017023901477208526 -8.8571345572112297e-05 -0.00013518956257030368 -0.00026762150657516951 -0.0003573955735191703 3.4453958924251057e-05 -5.6542810205164186e-06 0.00013723353976148028 -4.2612806120501817e-05 6.948569116502768e-05 -0.00018952356036513662 0.00010351913598632174 0.00017954594222828747 -0.00029086659196764231 -0.00010205549209923396 -0.00033392231977943867 -7.3911264018319988e-05
leaf_weight=254 155 76 179 177 25 153 181 128 128 155 154 156 125 158 79 130 103 25 153 179 158 157 128 78 98 1572 51 106 77 102
leaf_count=254 155 76 179 177 25 153 181 128 128 155 154 156 125 158 79 130 103 25 153 179 158 157 128 78 98 1572 51 106 77 102
internal_value=5.12509e-13 -0.00024207 0.000107817 -0.000174642 -0.000469132 0.00016118 3.20567e-06 -0.000243786 -0.000120916 -3.25535e-05 4.07064e-05 0.000112013 -0.000213728 0.000176611 -9.69922e-05 -0.000153255 -0.000287044 -0.000349107 2.40531e-05 -1.45039e-05 0.000127833 -5.18758e-05 6.04304e-05 -0.000200323 9.40804e-05 0.000178696 -0.000302797 -0.000109896 -0.000339676 -8.03099e-05
internal_weight=5400 1664 3736 1283 381 2474 1262 561 722 646 616 591 331 1883 415 307 230 127 334 334 314 312 282 203 277 1730 127 234 102 181
internal_count=5400 1664 3736 1283 381 2474 1262 561 722 646 616 591 331 1883 415 307 230 127 334 334 314 312 282 203 277 1730 127 234 102 181
is_linear=0
shrinkage=0.05


Tree=84
num_leaves=31
num_cat=0
split_feature=0 0 0 0 0 0 0 0 0 0 0 0 0 0 0 0 0 0 0 0 0 0 0 0 0 0 0 0 0 0
split_gain=0.0508791 0.00992263 0.00660796 0.00174488 0.00136238 0.000662048 0.000451602 0.000278355 0.000171673 9.55518e-05 7.46984e-05 5.3594e-05 3.52759e-05 3.28212e-05 2.98763e-05 2.77358e-05 1.67829e-05 1.34191e-05 1.0808e-05 1.05163e-05 9.233e-06 8.41934e-06 7.61908e-06 7.11006e-06 5.12491e-06 4.84968e-06 4.47262e-06 4.33307e-06 4.22401e-06 4.11362e-06
threshold=76.490000000000023 63.300000000000004 84.345000000000013 70.800000000000011 1.0000000180025095e-35 80.240000000000023 87.740000000000023 67.500000000000014 74.345000000000013 82.290000000000006 78.300000000000011 85.800000000000011 72.050000000000011 69.345000000000013 65.800000000000011 61.425000000000004 75.240000000000023 83.300000000000011 77.530000000000015 81.490000000000023 79.345000000000013 88.780000000000015 64.550000000000011 86.845000000000013 73.095000000000013 85.030000000000015 68.300000000000011 62.050000000000004 70.000000000000014 60.205000000000005
decision_type=2 2 2 2 2 2 2 2 2 2 2 2 2 2 2 2 2 2 2 2 2 2 2 2 2 2 2 2 2 2
left_child=1 4 5 7 -1 10 11 14 12 19 18 25 -5 26 22 29 -10 -11 -2 -7 -12 -8 -3 -13 -14 -4 -9 -17 -15 -6
right_child=2 3 6 8 15 9 21 13 16 17 20 23 24 28 -16 27 -18 -19 -20 -21 -22 -23 -24 -25 -26 -27 -28 -29 -30 -31
leaf_value=-0.00050268694758415222 -4.7547358332814861e-05 -0.00028006484897464119 9.2319044866599146e-05 -0.00014439735259657029 -0.00036820897366851568 2.4773162266621548e-05 0.00015821994785279132 -0.00020839151817835072 -8.7968028838487163e-05 6.0350915385682263e-05 -1.2304575676323786e-05 0.00012435242415794842 -0.00012299634981900455 -0.00018004738809302068 -0.00023379559988285058 -0.00032144277356565003 -6.5161499774038067e-05 8.0543379048250772e-05 -2.896418853197247e-05 4.306633183989293e-05 4.9814268325687185e-06 0.000170380464862459 -0.00025774892752191851 0.00013940048266727572 -0.00010765232404487 0.00010649671840885852 -0.0001923401529590289 -0.00030258715582581665 -0.00016455740534174857 -0.00033952579833567147
leaf_weight=254 158 76 100 128 25 206 156 103 133 178 155 158 78 78 101 50 205 153 155 127 154 1625 77 156 180 152 75 78 101 25
leaf_count=254 158 76 100 128 25 206 156 103 133 178 155 158 78 78 101 50 205 153 155 127 154 1625 77 156 180 152 75 78 101 25
internal_value=1.83735e-13 -0.000220068 0.000107036 -0.000152667 -0.000428356 1.5938e-05 0.000156951 -0.000214892 -0.000100154 5.06601e-05 -2.11286e-05 0.000118045 -0.000122938 -0.000186425 -0.000254901 -0.000322288 -7.41357e-05 6.96846e-05 -3.83448e-05 3.17498e-05 -3.68955e-06 0.000169315 -0.000268834 0.000131829 -0.000112291 0.000100871 -0.000201628 -0.000309953 -0.000171307 -0.000353867
internal_weight=5400 1767 3633 1335 432 1286 2347 611 724 664 622 566 386 357 254 178 338 331 313 333 309 1781 153 314 258 252 178 128 179 50
internal_count=5400 1767 3633 1335 432 1286 2347 611 724 664 622 566 386 357 254 178 338 331 313 333 309 1781 153 314 258 252 178 128 179 50
is_linear=0
shrinkage=0.05


Tree=85
num_leaves=31
num_cat=0
split_feature=0 0 0 0 0 0 0 0 0 0 0 0 0 0 0 0 0 0 0 0 0 0 0 0 0 0 0 0 0 0
split_gain=0.0459239 0.00830101 0.00679419 0.00155138 0.000893309 0.000611761 0.000551348 0.00023806 0.000181546 7.2772e-05 6.6749e-05 4.78465e-05 4.07587e-05 3.0854e-05 2.9118e-05 2.44375e-05 2.26397e-05 1.49547e-05 1.27841e-05 1.01265e-05 7.66166e-06 5.17638e-06 4.75096e-06 4.50846e-06 4.34489e-06 4.08839e-06 4.0365e-06 3.98955e-06 3.34971e-06 3.30537e-06
threshold=75.800000000000011 62.675000000000004 83.540000000000006 70.000000000000014 1.0000000180025095e-35 86.845000000000013 79.550000000000011 66.425000000000011 73.095000000000013 81.490000000000023 77.530000000000015 88.095000000000013 85.240000000000023 68.095000000000013 74.550000000000011 71.845000000000013 64.550000000000011 60.205000000000005 78.300000000000011 82.530000000000015 80.595000000000013 85.800000000000011 69.345000000000013 76.845000000000013 84.550000000000011 88.990000000000023 63.925000000000004 73.990000000000023 61.425000000000004 70.800000000000011
decision_type=2 2 2 2 2 2 2 2 2 2 2 2 2 2 2 2 2 2 2 2 2 2 2 2 2 2 2 2 2 2
left_child=1 4 6 7 -1 12 10 16 15 20 23 -7 24 -9 27 29 26 -6 -12 -11 -8 -14 -15 -2 -4 -13 -3 -10 -19 -5
right_child=2 3 5 8 17 11 9 13 14 19 18 25 21 22 -16 -17 -18 28 -20 -21 -22 -23 -24 -25 -26 -27 -28 -29 -30 -31
leaf_value=-0.00047755260020494462 -5.5232792529427721e-05 -0.00028050372248368435 8.0268922055077714e-05 -0.00015632953681512783 -0.00034979851916432385 0.00013584286139846065 1.0077900864608207e-05 -0.00021207459631114036 -0.00010518690651224462 4.2418367590822188e-05 -2.7515979018062356e-05 0.00015361211454212854 0.00010368568473495543 -0.00018677057679742574 -7.2538584132436976e-05 -0.00012185224564746022 -0.00024165531001008541 -0.00032254951074719431 -8.5462713404747497e-06 5.9959537930409899e-05 2.587629205194272e-05 0.00011813480022386943 -0.00017104501453920818 -4.1851886594228727e-05 9.3365550559128125e-05 0.00016204962739720943 -0.00026232001837342981 -9.2071493788850757e-05 -0.00030148465355688881 -0.00014252572620630655
leaf_weight=254 155 76 179 101 25 207 152 128 128 153 155 158 102 125 181 130 103 25 208 178 155 158 78 106 98 1572 51 106 77 76
leaf_count=254 155 76 179 101 25 207 152 128 128 153 155 158 102 125 181 130 103 25 208 178 155 158 78 106 98 1572 51 106 77 76
internal_value=2.19109e-12 -0.000218484 9.73118e-05 -0.000157627 -0.000423416 0.000145469 2.90451e-06 -0.000220001 -0.000109162 3.55885e-05 -3.05128e-05 0.000158561 9.8248e-05 -0.00019285 -8.75976e-05 -0.000138313 -0.000259074 -0.000315142 -1.66463e-05 5.18514e-05 1.80543e-05 0.000112466 -0.000180728 -4.97984e-05 8.49024e-05 0.000161279 -0.000273202 -9.92457e-05 -0.000306648 -0.000150402
internal_weight=5400 1664 3736 1283 381 2474 1262 561 722 638 624 1937 537 331 415 307 230 127 363 331 307 260 203 261 277 1730 127 234 102 177
internal_count=5400 1664 3736 1283 381 2474 1262 561 722 638 624 1937 537 331 415 307 230 127 363 331 307 260 203 261 277 1730 127 234 102 177
is_linear=0
shrinkage=0.05


Tree=86
num_leaves=31
num_cat=0
split_feature=0 0 0 0 0 0 0 0 0 0 0 0 0 0 0 0 0 0 0 0 0 0 0 0 0 0 0 0 0 0
split_gain=0.0414495 0.00720548 0.00652612 0.00139002 0.000635849 0.000559634 0.000552919 0.000230729 0.000156874 8.19794e-05 5.81493e-05 5.58337e-05 2.81096e-05 2.66677e-05 2.29131e-05 1.98879e-05 1.12781e-05 1.0067e-05 9.91298e-06 9.26025e-06 7.34823e-06 6.86214e-06 6.0875e-06 5.77804e-06 5.46252e-06 4.16177e-06 3.11446e-06 3.06394e-06 2.85976e-06 2.61089e-06
threshold=75.595000000000013 62.050000000000004 83.540000000000006 69.550000000000011 1.0000000180025095e-35 79.345000000000013 87.290000000000006 66.425000000000011 72.050000000000011 81.490000000000023 77.530000000000015 85.595000000000013 63.925000000000004 74.345000000000013 68.095000000000013 88.300000000000011 80.240000000000023 60.205000000000005 70.800000000000011 82.740000000000023 84.790000000000006 78.300000000000011 86.490000000000023 76.845000000000013 65.175000000000011 73.300000000000011 67.050000000000011 87.740000000000023 68.750000000000014 74.820000000000007
decision_type=2 2 2 2 2 2 2 2 2 2 2 2 2 2 2 2 2 2 2 2 2 2 2 2 2 2 2 2 2 2
left_child=1 4 5 7 -1 10 11 12 18 16 23 20 -3 25 26 27 -7 -6 -5 -11 -4 -12 -13 -2 -14 -10 -9 -8 -16 -15
right_child=2 3 6 8 17 9 15 14 13 19 21 22 24 29 28 -17 -18 -19 -20 -21 -22 -23 -24 -25 -26 -27 -28 -29 -30 -31
leaf_value=-0.00045367497950792317 -5.411400225188961e-05 -0.00026981699827479798 7.7235188983453847e-05 -0.00015022711013443769 -0.00033230860717594626 4.5489413642153288e-06 0.00012836291326062853 -0.0002110542031005025 -0.00010764793774416281 4.2617951649966026e-05 -2.6140179834328595e-05 0.00010655819872916219 -0.00024549073219154178 -8.3045052209248157e-05 -0.00018133473636786621 0.00015351100474001044 2.2436252123228667e-05 -0.00029567161885400619 -0.00013047112715867116 5.979080569886719e-05 9.2668975834854912e-05 -1.1262033301811185e-05 0.00012112625655859259 -3.9759292080559117e-05 -0.00022665701455787404 -9.4947185504517357e-05 -0.00019512345920643444 0.00014159751974624917 -0.00016844961470702575 -7.1021100716190592e-05
leaf_weight=254 207 103 204 126 25 154 76 51 129 203 155 157 77 81 73 1678 206 75 128 128 124 155 132 106 77 129 77 103 105 102
leaf_count=254 207 103 204 126 25 154 76 51 129 203 155 157 77 81 73 1678 206 75 128 128 124 155 132 106 77 129 77 103 105 102
internal_value=9.25175e-13 -0.000212351 9.03671e-05 -0.000156275 -0.000411629 3.14799e-07 0.000138196 -0.00021467 -0.00010897 3.12982e-05 -3.40504e-05 9.71884e-05 -0.000249597 -9.09423e-05 -0.000185336 0.000151821 1.47845e-05 -0.000304831 -0.000140271 4.92588e-05 8.30699e-05 -1.87011e-05 0.000113212 -4.92527e-05 -0.000236074 -0.000101298 -0.000201471 0.000135978 -0.000173734 -7.63432e-05
internal_weight=5400 1612 3788 1258 354 1314 2474 563 695 691 623 617 257 441 306 1857 360 100 254 331 328 310 289 313 154 258 128 179 178 183
internal_count=5400 1612 3788 1258 354 1314 2474 563 695 691 623 617 257 441 306 1857 360 100 254 331 328 310 289 313 154 258 128 179 178 183
is_linear=0
shrinkage=0.05


Tree=87
num_leaves=31
num_cat=0
split_feature=0 0 0 0 0 0 0 0 0 0 0 0 0 0 0 0 0 0 0 0 0 0 0 0 0 0 0 0 0 0
split_gain=0.0374102 0.00701491 0.00520849 0.0011709 0.000999961 0.000484937 0.000397827 0.000166856 0.000133881 6.90515e-05 5.58584e-05 3.59186e-05 2.36863e-05 2.07758e-05 2.0618e-05 1.92265e-05 1.81397e-05 1.6522e-05 1.22568e-05 8.30545e-06 6.97138e-06 6.06601e-06 6.05509e-06 3.83204e-06 3.76452e-06 3.47359e-06 3.22044e-06 3.09439e-06 2.90799e-06 2.89315e-06
threshold=76.280000000000015 63.300000000000004 83.990000000000023 70.595000000000013 1.0000000180025095e-35 80.240000000000023 87.290000000000006 67.050000000000011 73.570000000000007 78.300000000000011 82.050000000000011 85.800000000000011 72.050000000000011 74.820000000000007 61.425000000000004 68.300000000000011 88.780000000000015 65.175000000000011 77.290000000000006 83.095000000000013 79.345000000000013 85.030000000000015 81.040000000000006 87.740000000000023 69.550000000000011 71.845000000000013 75.595000000000013 62.050000000000004 65.800000000000011 60.205000000000005
decision_type=2 2 2 2 2 2 2 2 2 2 2 2 2 2 2 2 2 2 2 2 2 2 2 2 2 2 2 2 2 2
left_child=1 4 5 7 -1 9 11 17 12 18 22 21 25 -10 29 -9 23 -3 -2 -12 -11 -4 -7 -8 -17 -5 -15 -16 -19 -6
right_child=2 3 6 8 14 10 16 15 13 20 19 -13 -14 26 27 24 -18 28 -20 -21 -22 -23 -24 -25 -26 -27 -28 -29 -30 -31
leaf_value=-0.00043099122121930127 -4.4305617633145505e-05 -0.00023639321363731929 7.7188116295896233e-05 -0.00013205206081227854 -0.00031569316051900388 1.7525326131817565e-05 0.00012194477358685905 -0.00018106381130206773 -8.4434366973290024e-05 -1.0698931901941016e-05 4.7770378681744719e-05 0.00011013377132089886 -0.00010106961697322102 -6.7470043409140963e-05 -0.00027551283128559592 -0.00016137960810738152 0.00014609717109885354 -0.00021867849864065647 -2.6028978047269857e-05 6.4326649092101053e-05 4.3214942588865481e-06 9.1290876298444346e-05 3.1750718771945689e-05 0.00013563655255637014 -0.00014715119670081426 -0.00011674464913085103 -5.4874559484034931e-05 -0.00025957862559992533 -0.00020328486072165625 -0.00029163844883441927
leaf_weight=254 186 102 153 129 25 128 76 127 183 155 151 238 156 102 50 128 1625 51 181 152 154 152 180 156 73 52 101 78 77 25
leaf_count=254 186 102 153 129 25 128 76 127 183 155 151 238 156 102 50 128 1625 51 181 152 154 152 180 156 73 52 101 78 77 25
internal_value=3.46349e-13 -0.000193075 8.97036e-05 -0.000134317 -0.00036731 8.55045e-06 0.000133222 -0.00018873 -9.2321e-05 -2.06286e-05 4.08336e-05 9.55761e-05 -0.000115348 -7.2217e-05 -0.000276439 -0.000165835 0.00014423 -0.000221381 -3.52918e-05 5.60758e-05 -3.21302e-06 8.42164e-05 2.58389e-05 0.000131151 -0.000156212 -0.000127654 -6.12033e-05 -0.000265803 -0.000209418 -0.000303666
internal_weight=5400 1713 3687 1281 432 1287 2400 558 723 676 611 543 337 386 178 328 1857 230 367 303 309 305 308 232 201 181 203 128 128 50
internal_count=5400 1713 3687 1281 432 1287 2400 558 723 676 611 543 337 386 178 328 1857 230 367 303 309 305 308 232 201 181 203 128 128 50
is_linear=0
shrinkage=0.05


Tree=88
num_leaves=31
num_cat=0
split_feature=0 0 0 0 0 0 0 0 0 0 0 0 0 0 0 0 0 0 0 0 0 0 0 0 0 0 0 0 0 0
split_gain=0.0337627 0.00633096 0.00470066 0.00105674 0.000902465 0.000438007 0.000359039 0.000150587 0.000121086 6.33821e-05 4.94963e-05 3.24166e-05 2.85992e-05 1.86078e-05 1.7406e-05 1.63711e-05 1.49111e-05 1.25847e-05 9.11465e-06 7.49567e-06 6.91329e-06 5.93251e-06 5.47458e-06 3.45842e-06 3.13491e-06 2.88859e-06 2.8492e-06 2.62447e-06 2.61107e-06 2.54884e-06
threshold=76.280000000000015 63.300000000000004 83.990000000000023 70.595000000000013 1.0000000180025095e-35 80.030000000000015 87.290000000000006 67.050000000000011 73.990000000000023 82.050000000000011 78.095000000000013 85.800000000000011 72.050000000000011 61.425000000000004 68.750000000000014 88.780000000000015 65.175000000000011 75.240000000000023 80.800000000000011 83.095000000000013 77.290000000000006 78.990000000000023 85.030000000000015 87.740000000000023 71.845000000000013 86.490000000000023 62.675000000000004 65.800000000000011 60.205000000000005 69.550000000000011
decision_type=2 2 2 2 2 2 2 2 2 2 2 2 2 2 2 2 2 2 2 2 2 2 2 2 2 2 2 2 2 2
left_child=1 4 5 7 -1 10 11 16 12 18 20 22 24 28 -9 23 -3 -10 -7 -11 -2 -12 -4 -8 -5 -13 -15 -18 -6 -16
right_child=2 3 6 8 13 9 15 14 17 19 21 25 -14 26 29 -17 27 -19 -20 -21 -22 -23 -24 -25 -26 -27 -28 -29 -30 -31
leaf_value=-0.0004094416741281748 -4.2090337612085368e-05 -0.00022457354272916623 7.3328709725923593e-05 -0.00012544944941954211 -0.00029990852344781161 1.3036488348621173e-05 0.00011584753274770552 -0.00017009002133272589 -7.4487122663019885e-05 4.5381858867796644e-05 -1.4643588292528877e-05 9.8480153356608505e-05 -9.4030233545373517e-05 -0.00025858385246488959 -0.00015195815624403103 0.00013879231920179268 -0.00020774458535015585 -5.5034089114961045e-05 2.9116901714587584e-05 6.1110316930449023e-05 -2.6992469292963507e-05 -8.0959978778944828e-07 8.6726332397359484e-05 0.00012885472559644723 -0.00011090742191299796 0.00010956325338955856 -0.00024334662593901158 -0.00019312061568988221 -0.0002770565217360854 -0.00013979363194603013
leaf_weight=254 186 102 153 129 25 154 76 150 185 151 156 106 206 77 105 1625 51 151 206 152 128 154 152 156 52 132 51 77 25 73
leaf_count=254 186 102 153 129 25 154 76 150 185 151 156 106 206 77 105 1625 51 151 206 152 128 154 152 156 52 132 51 77 25 73
internal_value=1.95626e-12 -0.000183421 8.52184e-05 -0.000127601 -0.000348944 8.12293e-06 0.000126561 -0.000179294 -8.77049e-05 3.6421e-05 -2.19438e-05 9.07973e-05 -0.000106771 -0.000262617 -0.000157543 0.000137018 -0.000210312 -6.57448e-05 2.22381e-05 5.3272e-05 -3.59358e-05 -7.77122e-06 8.00056e-05 0.000124594 -0.000121272 0.000104627 -0.000252513 -0.000198947 -0.000288483 -0.000146969
internal_weight=5400 1713 3687 1281 432 1287 2400 558 723 663 624 543 387 178 328 1857 230 336 360 303 314 310 305 232 181 238 128 128 50 178
internal_count=5400 1713 3687 1281 432 1287 2400 558 723 663 624 543 387 178 328 1857 230 336 360 303 314 310 305 232 181 238 128 128 50 178
is_linear=0
shrinkage=0.05


Tree=89
num_leaves=31
num_cat=0
split_feature=0 0 0 0 0 0 0 0 0 0 0 0 0 0 0 0 0 0 0 0 0 0 0 0 0 0 0 0 0 0
split_gain=0.0304728 0.00594357 0.00395799 0.000965523 0.000919394 0.000395401 0.000269949 0.000141799 0.000103094 5.74219e-05 4.42096e-05 3.19511e-05 2.08367e-05 2.05352e-05 1.94612e-05 1.27796e-05 1.00909e-05 9.92813e-06 6.30595e-06 5.69505e-06 5.37275e-06 5.15064e-06 4.95883e-06 4.4858e-06 3.31754e-06 2.63656e-06 2.57683e-06 2.40633e-06 2.35649e-06 2.14249e-06
threshold=76.490000000000023 63.925000000000004 84.345000000000013 70.800000000000011 1.0000000180025095e-35 80.240000000000023 87.740000000000023 67.500000000000014 74.345000000000013 82.050000000000011 78.300000000000011 86.280000000000015 72.050000000000011 61.425000000000004 69.345000000000013 65.800000000000011 75.595000000000013 83.095000000000013 77.530000000000015 79.345000000000013 88.990000000000023 85.240000000000023 81.040000000000006 62.675000000000004 73.095000000000013 64.550000000000011 68.300000000000011 70.000000000000014 60.205000000000005 86.845000000000013
decision_type=2 2 2 2 2 2 2 2 2 2 2 2 2 2 2 2 2 2 2 2 2 2 2 2 2 2 2 2 2 2
left_child=1 4 5 7 -1 10 11 15 12 22 18 21 -5 28 26 25 -10 -11 -2 -12 -8 -4 -7 -15 -14 -3 -9 -16 -6 -13
right_child=2 3 6 8 13 9 20 14 16 17 19 29 24 23 27 -17 -18 -19 -20 -21 -22 -23 -24 -25 -26 -27 -28 -29 -30 -31
leaf_value=-0.0003889695974066854 -3.6587824608800534e-05 -0.00021388113964349031 7.3820536451724671e-05 -0.00011167881257279078 -0.00028491308912634853 1.5833918871521747e-05 0.00012349413766895543 -0.00016100319855150234 -6.5318472483678837e-05 4.3112767065431155e-05 -9.6638600723141992e-06 9.8715262720361355e-05 -9.5616525504738101e-05 -0.00024565466552634133 -0.00013911838386542142 -0.00018127445502686177 -4.7980347805986965e-05 6.0007969576229413e-05 -2.2393225508201265e-05 3.9121343079741212e-06 0.00013202711706981063 8.679691784961436e-05 2.8707338691068194e-05 -0.00022853151772563395 -8.3271149940426567e-05 -0.00019922351748863986 -0.00014881965968136987 -0.00012742698464616396 -0.00026320370379835368 0.00010798009058747154
leaf_weight=254 158 51 150 128 25 128 209 103 183 151 155 104 78 77 78 101 155 205 155 154 1572 156 180 76 180 77 75 101 25 156
leaf_count=254 158 51 150 128 25 128 209 103 183 151 155 104 78 77 78 101 155 205 155 154 1572 156 180 76 180 77 75 101 25 156
internal_value=-1.01796e-13 -0.000170311 8.28351e-05 -0.000116149 -0.000325569 1.23316e-05 0.000121466 -0.000163862 -7.75304e-05 3.91652e-05 -1.63139e-05 9.13864e-05 -9.5186e-05 -0.00024624 -0.000144163 -0.000194571 -5.73676e-05 5.28417e-05 -2.95586e-05 -2.89783e-06 0.000131026 8.04359e-05 2.33573e-05 -0.000237149 -8.70035e-05 -0.000205064 -0.00015587 -0.000132522 -0.000274058 0.000104274
internal_weight=5400 1767 3633 1310 457 1286 2347 586 724 664 622 566 386 203 357 229 338 356 313 309 1781 306 308 153 258 128 178 179 50 260
internal_count=5400 1767 3633 1310 457 1286 2347 586 724 664 622 566 386 203 357 229 338 356 313 309 1781 306 308 153 258 128 178 179 50 260
is_linear=0
shrinkage=0.05


Tree=90
num_leaves=31
num_cat=0
split_feature=0 0 0 0 0 0 0 0 0 0 0 0 0 0 0 0 0 0 0 0 0 0 0 0 0 0 0 0 0 0
split_gain=0.0275025 0.00497194 0.00407083 0.000928104 0.000533627 0.000352303 0.000340139 0.000142817 0.000109569 4.94303e-05 4.0534e-05 3.33447e-05 1.90359e-05 1.76943e-05 1.46095e-05 1.37972e-05 1.33646e-05 8.85762e-06 8.1267e-06 5.20071e-06 4.82532e-06 4.53438e-06 4.20601e-06 3.98685e-06 2.8577e-06 2.36475e-06 2.30179e-06 2.09819e-06 2.0082e-06 1.97045e-06
threshold=75.800000000000011 62.675000000000004 83.780000000000015 70.000000000000014 1.0000000180025095e-35 80.030000000000015 87.290000000000006 66.425000000000011 73.095000000000013 78.095000000000013 81.845000000000013 85.595000000000013 68.095000000000013 74.550000000000011 71.845000000000013 64.550000000000011 88.300000000000011 60.205000000000005 76.845000000000013 83.095000000000013 78.990000000000023 80.800000000000011 86.490000000000023 84.550000000000011 69.345000000000013 63.925000000000004 73.990000000000023 61.425000000000004 67.500000000000014 70.595000000000013
decision_type=2 2 2 2 2 2 2 2 2 2 2 2 2 2 2 2 2 2 2 2 2 2 2 2 2 2 2 2 2 2
left_child=1 4 5 7 -1 9 11 15 14 18 21 23 28 26 29 25 -8 -6 -2 -12 -11 -7 -13 -4 -14 -3 -10 -19 -9 -5
right_child=2 3 6 8 17 10 16 12 13 20 19 22 24 -15 -16 -17 -18 27 -20 -21 -22 -23 -24 -25 -26 -27 -28 -29 -30 -31
leaf_value=-0.00036952111404389145 -4.286608654975651e-05 -0.00021710495807622607 6.2909056304034762e-05 -0.00012513607507571577 -0.00027066743932664395 1.179424439392101e-05 0.00011067631343566922 -0.00016955880774185061 -8.1333532898497657e-05 -1.321198027513814e-05 3.8920529728855792e-05 8.6759327418485269e-05 -0.00014435864584520458 -5.600157988808267e-05 -9.4412664184346793e-05 -0.00018688907046594377 0.00012504878898342146 -0.00025004351045936345 -2.7741522514518765e-05 5.2703309688916059e-05 -7.3552135367586373e-07 2.3947488817118499e-05 9.886857411457282e-05 7.4381410181772396e-05 -0.0001321624636124724 -0.0002031870884820819 -7.1371381856360529e-05 -0.00023337192591521647 -0.00015684401150792838 -0.00011326952831992924
leaf_weight=254 155 76 154 48 25 154 179 75 128 156 204 157 125 181 130 103 1678 25 208 103 154 153 132 149 78 51 106 77 53 129
leaf_count=254 155 76 154 48 25 154 179 75 128 156 204 157 125 181 130 103 1678 25 208 103 154 153 132 149 78 51 106 77 53 129
internal_value=4.90849e-13 -0.000169078 7.53066e-05 -0.000121979 -0.000327679 3.30978e-06 0.000113142 -0.000170223 -8.44935e-05 -2.16773e-05 3.06979e-05 8.01397e-05 -0.000149194 -6.77406e-05 -0.00010714 -0.000200487 0.000123663 -0.000243995 -3.41997e-05 4.35447e-05 -7.014e-06 1.78511e-05 9.22902e-05 6.85506e-05 -0.000139672 -0.000211516 -7.68208e-05 -0.000237458 -0.000164294 -0.000116488
internal_weight=5400 1664 3736 1283 381 1287 2449 561 722 673 614 592 331 415 307 230 1857 127 363 307 310 307 289 303 203 127 234 102 128 177
internal_count=5400 1664 3736 1283 381 1287 2449 561 722 673 614 592 331 415 307 230 1857 127 363 307 310 307 289 303 203 127 234 102 128 177
is_linear=0
shrinkage=0.05


Tree=91
num_leaves=31
num_cat=0
split_feature=0 0 0 0 0 0 0 0 0 0 0 0 0 0 0 0 0 0 0 0 0 0 0 0 0 0 0 0 0 0
split_gain=0.0248235 0.0043166 0.00391032 0.00083109 0.000379221 0.000334301 0.000330584 0.000138363 9.38039e-05 4.94674e-05 3.49617e-05 2.59622e-05 2.18292e-05 1.68148e-05 1.62233e-05 1.42208e-05 6.55559e-06 6.25288e-06 5.90067e-06 5.45219e-06 4.03268e-06 3.58453e-06 3.27087e-06 2.9207e-06 2.60312e-06 2.41041e-06 2.292e-06 1.8124e-06 1.65927e-06 1.61742e-06
threshold=75.595000000000013 62.050000000000004 83.540000000000006 69.550000000000011 1.0000000180025095e-35 79.345000000000013 86.845000000000013 66.425000000000011 72.050000000000011 81.490000000000023 77.530000000000015 88.095000000000013 85.240000000000023 63.925000000000004 74.345000000000013 68.095000000000013 80.240000000000023 71.250000000000014 60.205000000000005 82.530000000000015 78.300000000000011 76.845000000000013 64.550000000000011 86.280000000000015 73.300000000000011 88.990000000000023 84.550000000000011 67.500000000000014 74.820000000000007 68.750000000000014
decision_type=2 2 2 2 2 2 2 2 2 2 2 2 2 2 2 2 2 2 2 2 2 2 2 2 2 2 2 2 2 2
left_child=1 4 5 7 -1 10 12 13 17 16 21 -8 26 -3 24 27 -7 -5 -6 -11 -12 -2 -15 -14 -10 -13 -4 -9 -16 -17
right_child=2 3 6 8 18 9 11 15 14 19 20 25 23 22 28 29 -18 -19 -20 -21 -22 -23 -24 -25 -26 -27 -28 -29 -30 -31
leaf_value=-0.00035104504786431789 -4.1950670867294507e-05 -0.00020876990572449942 5.9111073109784357e-05 -0.0001149314444274733 -0.00025713406503200534 3.5417622053477343e-06 9.9844761599971051e-05 -0.00016108087357133628 -8.3511666703406113e-05 3.1203374242276152e-05 -2.0134896021186105e-05 0.00011269467620509146 7.8321436684256285e-05 -0.00019302773289382459 -6.4368394669145351e-05 -0.00013994423988313506 1.7179210221160937e-05 -9.8901925871314696e-05 -0.00022908488754183056 4.407441376949127e-05 -8.7293504968270529e-06 -3.0644371598203373e-05 -0.00017754461919183582 8.9138801558874558e-05 -7.3466952231373333e-05 0.00011917331721633673 6.8623203682066991e-05 -0.00014900180976837874 -5.4782975063312283e-05 -0.00013025397878317608
leaf_weight=254 207 103 179 153 25 154 207 75 129 153 155 158 156 51 81 73 206 101 75 178 155 106 103 104 129 1572 98 53 102 105
leaf_count=254 207 103 179 153 25 154 207 75 129 153 155 158 156 51 81 73 206 101 75 178 155 106 103 104 129 1572 98 53 102 105
internal_value=-1.01404e-12 -0.000164334 6.9933e-05 -0.000120931 -0.000318574 2.2653e-07 0.000106956 -0.000166084 -8.43533e-05 2.41732e-05 -2.63339e-05 0.000116579 7.22431e-05 -0.000193132 -7.04126e-05 -0.000143368 1.13454e-05 -0.000108558 -0.000236097 3.8125e-05 -1.44321e-05 -3.81217e-05 -0.000182672 8.26484e-05 -7.84893e-05 0.000118582 6.24764e-05 -0.000156079 -5.90257e-05 -0.000134228
internal_weight=5400 1612 3788 1258 354 1314 2474 563 695 691 623 1937 537 257 441 306 360 254 100 331 310 313 154 260 258 1730 277 128 183 178
internal_count=5400 1612 3788 1258 354 1314 2474 563 695 691 623 1937 537 257 441 306 360 254 100 331 310 313 154 260 258 1730 277 128 183 178
is_linear=0
shrinkage=0.05


Tree=92
num_leaves=31
num_cat=0
split_feature=0 0 0 0 0 0 0 0 0 0 0 0 0 0 0 0 0 0 0 0 0 0 0 0 0 0 0 0 0 0
split_gain=0.0224033 0.0042024 0.00311961 0.000701248 0.000597454 0.000290232 0.000238195 9.96836e-05 8.04598e-05 4.20704e-05 3.27683e-05 2.158e-05 1.38675e-05 1.26754e-05 1.24452e-05 1.1572e-05 1.09314e-05 9.87908e-06 6.09508e-06 4.85649e-06 4.7648e-06 3.92502e-06 3.55748e-06 2.43066e-06 2.15308e-06 2.10346e-06 1.91406e-06 1.88748e-06 1.79599e-06 1.73086e-06
threshold=76.280000000000015 63.300000000000004 83.990000000000023 70.595000000000013 1.0000000180025095e-35 80.030000000000015 87.290000000000006 67.050000000000011 73.570000000000007 82.050000000000011 78.095000000000013 85.800000000000011 72.050000000000011 74.820000000000007 61.425000000000004 68.300000000000011 88.780000000000015 65.175000000000011 81.040000000000006 83.095000000000013 77.050000000000011 78.990000000000023 85.030000000000015 87.740000000000023 71.845000000000013 69.550000000000011 62.050000000000004 75.595000000000013 86.490000000000023 65.800000000000011
decision_type=2 2 2 2 2 2 2 2 2 2 2 2 2 2 2 2 2 2 2 2 2 2 2 2 2 2 2 2 2 2
left_child=1 4 5 7 -1 10 11 17 12 18 20 22 24 -10 -6 -9 23 -3 -7 -11 -2 -12 -4 -8 -5 -17 -16 -15 -13 -19
right_child=2 3 6 8 14 9 16 15 13 19 21 28 -14 27 26 25 -18 29 -20 -21 -22 -23 -24 -25 -26 -27 -28 -29 -30 -31
leaf_value=-0.00033349280711263423 -3.5290133346279618e-05 -0.00018288892803384977 5.9780306479546657e-05 -0.00010216392102008758 -0.00023518223315477371 1.1586019253526401e-05 9.4130097300206366e-05 -0.00014016193055408442 -6.5391799759455639e-05 3.7024740286985578e-05 -1.1921165670896582e-05 8.0404593334708999e-05 -7.8360115973434105e-05 -5.204382446119745e-05 -0.0002134024165570736 -0.00012474448412831408 0.00011306471753005799 -0.00016917448956519366 2.4597849017785243e-05 4.9684991934459275e-05 -2.2969387372269285e-05 -6.6865877360297343e-07 7.0580308582927838e-05 0.00010503462981432677 -9.0112379984930166e-05 -0.00011410871568480379 -0.00020087040656317887 -4.240113075956297e-05 8.9143782018006527e-05 -0.0001572983289536621
leaf_weight=254 160 102 153 129 50 180 76 127 183 151 156 106 156 102 50 128 1625 51 180 152 154 154 152 156 52 73 78 101 132 77
leaf_count=254 160 102 153 129 50 180 76 127 183 151 156 106 156 102 50 128 1625 51 180 152 154 154 152 156 52 73 78 101 132 77
internal_value=-1.42096e-13 -0.000149412 6.94178e-05 -0.000103934 -0.000284269 6.61194e-06 0.000103097 -0.000146044 -7.14341e-05 2.9647e-05 -1.78628e-05 7.39677e-05 -8.92854e-05 -5.58489e-05 -0.000214029 -0.000128347 0.000111615 -0.000171281 1.80919e-05 4.33758e-05 -2.92475e-05 -6.33121e-06 6.51626e-05 0.000101462 -9.87016e-05 -0.000120882 -0.000205766 -4.72462e-05 8.52515e-05 -0.00016203
internal_weight=5400 1713 3687 1281 432 1287 2400 558 723 663 624 543 337 386 178 328 1857 230 360 303 314 310 305 232 181 201 128 203 238 128
internal_count=5400 1713 3687 1281 432 1287 2400 558 723 663 624 543 337 386 178 328 1857 230 360 303 314 310 305 232 181 201 128 203 238 128
is_linear=0
shrinkage=0.05


Tree=93
num_leaves=31
num_cat=0
split_feature=0 0 0 0 0 0 0 0 0 0 0 0 0 0 0 0 0 0 0 0 0 0 0 0 0 0 0 0 0 0
split_gain=0.0202203 0.00394435 0.00262646 0.000693048 0.000539202 0.000262203 0.000179611 0.000111053 6.84376e-05 3.81848e-05 2.92783e-05 2.10151e-05 1.28832e-05 1.15855e-05 1.12318e-05 1.0886e-05 1.01953e-05 5.37295e-06 4.35074e-06 4.26515e-06 3.79124e-06 3.58659e-06 3.08284e-06 2.58609e-06 2.04764e-06 1.72744e-06 1.71858e-06 1.65443e-06 1.54395e-06 1.33321e-06
threshold=76.490000000000023 63.300000000000004 84.345000000000013 70.800000000000011 1.0000000180025095e-35 80.240000000000023 87.740000000000023 67.500000000000014 73.990000000000023 82.290000000000006 78.300000000000011 86.040000000000006 69.345000000000013 65.800000000000011 61.425000000000004 75.240000000000023 72.050000000000011 83.300000000000011 81.280000000000015 77.530000000000015 79.345000000000013 88.990000000000023 64.550000000000011 85.240000000000023 86.845000000000013 62.050000000000004 68.095000000000013 60.205000000000005 70.595000000000013 73.095000000000013
decision_type=2 2 2 2 2 2 2 2 2 2 2 2 2 2 2 2 2 2 2 2 2 2 2 2 2 2 2 2 2 2
left_child=1 4 5 7 -1 10 11 13 16 18 19 23 26 22 27 -10 -5 -11 -7 -2 -12 -8 -3 -4 -13 -16 -9 -6 -14 -18
right_child=2 3 6 8 14 9 21 12 15 17 20 24 28 -15 25 -17 29 -19 -20 -21 -22 -23 -24 -25 -26 -27 -28 -29 -30 -31
leaf_value=-0.00031681815162301066 -2.9842439991763879e-05 -0.00017654552541084979 6.0173993270533783e-05 -9.0836869094346195e-05 -0.00023251825477927924 1.3742059653927726e-05 0.00010058964420506579 -0.00013454362051561476 -5.771055628822462e-05 3.8015736813730242e-05 -7.8855763187616954e-06 7.9300232188960986e-05 -0.0001110135056521921 -0.000147582461601031 -0.00020273230038583281 -4.0981444720428716e-05 -7.8021478839218619e-05 5.0792901539335065e-05 2.5210167295881549e-05 -1.8168570654046152e-05 3.1912099419284239e-06 0.00010756142437458039 -0.00016235040407023066 6.9829010740355693e-05 8.7779144031138959e-05 -0.00019082689989143267 -0.00012379948701709509 -0.00021432798821479084 -0.00010084189707413316 -6.9728679000036217e-05
leaf_weight=254 158 76 150 128 25 153 209 53 185 178 155 131 126 101 50 205 78 153 180 155 154 1572 77 129 156 78 125 25 53 128
leaf_count=254 158 76 150 128 25 153 209 53 185 178 155 131 126 101 50 205 78 153 180 155 154 1572 77 129 156 78 125 25 53 128
internal_value=1.35283e-12 -0.000138734 6.74765e-05 -9.62382e-05 -0.000270056 1.00439e-05 9.89458e-05 -0.000135454 -6.31433e-05 3.18953e-05 -1.3283e-05 7.44097e-05 -0.000117474 -0.000160725 -0.000203327 -4.8917e-05 -7.97547e-05 4.39218e-05 1.9941e-05 -2.40615e-05 -2.36511e-06 0.000106743 -0.000169402 6.46381e-05 8.3909e-05 -0.000195477 -0.000126999 -0.000223423 -0.000108002 -7.28687e-05
internal_weight=5400 1767 3633 1335 432 1286 2347 611 724 664 622 566 357 254 178 390 334 331 333 313 309 1781 153 279 287 128 178 50 179 206
internal_count=5400 1767 3633 1335 432 1286 2347 611 724 664 622 566 357 254 178 390 334 331 333 313 309 1781 153 279 287 128 178 50 179 206
is_linear=0
shrinkage=0.05


Tree=94
num_leaves=31
num_cat=0
split_feature=0 0 0 0 0 0 0 0 0 0 0 0 0 0 0 0 0 0 0 0 0 0 0 0 0 0 0 0 0 0
split_gain=0.01825 0.00330043 0.00270109 0.000615453 0.000352895 0.000242915 0.000218947 9.45353e-05 7.27002e-05 2.94846e-05 2.64987e-05 2.16816e-05 1.25935e-05 1.20754e-05 1.18036e-05 9.71898e-06 9.04878e-06 6.02304e-06 4.71646e-06 3.5172e-06 3.23107e-06 3.14735e-06 2.49635e-06 2.20104e-06 1.89811e-06 1.76211e-06 1.5733e-06 1.49781e-06 1.35239e-06 1.3477e-06
threshold=75.800000000000011 62.675000000000004 83.540000000000006 70.000000000000014 1.0000000180025095e-35 87.050000000000011 79.550000000000011 66.425000000000011 73.095000000000013 81.845000000000013 77.740000000000023 85.595000000000013 68.095000000000013 88.095000000000013 74.550000000000011 71.845000000000013 64.550000000000011 60.205000000000005 80.800000000000011 76.845000000000013 78.780000000000015 84.550000000000011 82.740000000000023 86.280000000000015 69.345000000000013 88.990000000000023 63.925000000000004 73.990000000000023 61.425000000000004 70.800000000000011
decision_type=2 2 2 2 2 2 2 2 2 2 2 2 2 2 2 2 2 2 2 2 2 2 2 2 2 2 2 2 2 2
left_child=1 4 6 7 -1 11 10 16 15 18 19 21 -9 -7 27 29 26 -6 -8 -2 -12 -4 -11 -13 -14 -15 -3 -10 -19 -5
right_child=2 3 5 8 17 13 9 12 14 22 20 23 24 25 -16 -17 -18 28 -20 -21 -22 -23 -24 -25 -26 -27 -28 -29 -30 -31
leaf_value=-0.00030097723938524726 -3.4886116946807074e-05 -0.00017675697806560878 5.0699270890333674e-05 -9.8687784554953189e-05 -0.00022089232224971057 8.702275729007728e-05 7.852441734124521e-06 -0.00013381674962147373 -6.6242246111869471e-05 3.0203431454644383e-05 -1.4056925156769613e-05 6.8827443589855518e-05 -0.00011760951457545162 9.6644049354156943e-05 -4.5597801873851469e-05 -7.6898209517821679e-05 -0.00015225433394113939 -0.00020361158531159165 1.9477876728808425e-05 -2.4268423947861573e-05 -3.8802835498841934e-06 6.0536207642168709e-05 3.9652337727602577e-05 7.8167268767646402e-05 -0.00010766974271227343 0.00010218335082754493 -0.00016540462384000422 -5.8206103034844658e-05 -0.00019022697528412976 -8.9873521478454533e-05
leaf_weight=254 155 76 179 101 25 153 203 128 128 154 155 105 125 158 181 130 103 25 153 157 157 149 128 158 78 1572 51 106 77 76
leaf_count=254 155 76 179 101 25 153 203 128 128 154 155 105 125 158 181 130 103 25 153 157 157 149 128 158 78 1572 51 106 77 76
internal_value=1.20436e-12 -0.000137731 6.13448e-05 -9.93578e-05 -0.000266951 9.17093e-05 1.81891e-06 -0.000138644 -6.8832e-05 2.24153e-05 -1.92396e-05 6.37434e-05 -0.000121535 0.000100487 -5.51857e-05 -8.72789e-05 -0.000163267 -0.000198898 1.28488e-05 -2.95432e-05 -8.93599e-06 5.51679e-05 3.44923e-05 7.44384e-05 -0.00011379 0.000101677 -0.000172198 -6.26019e-05 -0.000193508 -9.49031e-05
internal_weight=5400 1664 3736 1283 381 2474 1262 561 722 638 624 591 331 1883 415 307 230 127 356 312 312 328 282 263 203 1730 127 234 102 177
internal_count=5400 1664 3736 1283 381 2474 1262 561 722 638 624 591 331 1883 415 307 230 127 356 312 312 328 282 263 203 1730 127 234 102 177
is_linear=0
shrinkage=0.05


Tree=95
num_leaves=31
num_cat=0
split_feature=0 0 0 0 0 0 0 0 0 0 0 0 0 0 0 0 0 0 0 0 0 0 0 0 0 0 0 0 0 0
split_gain=0.016473 0.00286364 0.00259415 0.000551152 0.000251265 0.000221658 0.000219299 9.19133e-05 6.23066e-05 3.30209e-05 2.3104e-05 1.72388e-05 1.44742e-05 1.12479e-05 9.43127e-06 9.19545e-06 6.07194e-06 4.36886e-06 4.07674e-06 3.61315e-06 2.65785e-06 2.36453e-06 2.13557e-06 1.90782e-06 1.5903e-06 1.52235e-06 1.30266e-06 1.15265e-06 1.13128e-06 1.08139e-06
threshold=75.595000000000013 62.050000000000004 83.540000000000006 69.550000000000011 1.0000000180025095e-35 79.345000000000013 86.845000000000013 66.425000000000011 72.500000000000014 81.490000000000023 77.530000000000015 88.095000000000013 85.240000000000023 63.925000000000004 68.095000000000013 74.345000000000013 71.250000000000014 80.240000000000023 60.205000000000005 82.740000000000023 78.300000000000011 76.845000000000013 65.175000000000011 86.280000000000015 88.990000000000023 84.345000000000013 67.500000000000014 87.740000000000023 68.750000000000014 73.300000000000011
decision_type=2 2 2 2 2 2 2 2 2 2 2 2 2 2 2 2 2 2 2 2 2 2 2 2 2 2 2 2 2 2
left_child=1 4 5 7 -1 10 12 13 16 17 21 27 25 -3 26 29 -5 -7 -6 -11 -12 -2 -15 -14 -13 -4 -9 -8 -16 -10
right_child=2 3 6 8 18 9 11 14 15 19 20 24 23 22 28 -17 -18 -19 -20 -21 -22 -23 -24 -25 -26 -27 -28 -29 -30 -31
leaf_value=-0.00028592839371412995 -3.4127138658530188e-05 -0.00017012369364626635 4.6869914169335284e-05 -9.3665252762292737e-05 -0.00020984772127121689 2.8409216088516292e-06 7.9192316311841408e-05 -0.00013136613043025137 -6.6864503393835814e-05 2.6942830658380144e-05 -1.638930084394111e-05 9.1811847251167979e-05 6.3827058833199919e-05 -0.0001546668221375772 -0.00011411135639893275 -4.8053917148063992e-05 -7.8875355800159103e-05 1.3973899112191522e-05 -0.00018653322088842592 3.7669720768462867e-05 -7.129861206199313e-06 -2.49443111176831e-05 -0.00014289085354123797 7.256977551151067e-05 9.7074179211631428e-05 5.4308990249410278e-05 -0.00012112560216337442 8.785110549069941e-05 -0.0001060071618606647 -5.9993948034812207e-05
leaf_weight=254 207 103 127 153 25 154 156 75 103 203 155 158 156 77 73 183 127 206 75 128 155 106 77 104 1572 150 53 51 105 129
leaf_count=254 207 103 127 153 25 154 156 75 103 203 155 158 156 77 73 183 127 206 75 128 155 106 77 104 1572 150 53 51 105 129
internal_value=-1.04074e-12 -0.00013387 5.69688e-05 -9.85181e-05 -0.000259497 1.92815e-07 8.71238e-05 -0.000135289 -6.87311e-05 1.96921e-05 -2.14348e-05 9.49619e-05 5.88512e-05 -0.000157333 -0.000116775 -5.6434e-05 -8.6957e-05 9.21146e-06 -0.000192362 3.1091e-05 -1.17596e-05 -3.10173e-05 -0.000148779 6.73241e-05 9.65936e-05 5.08983e-05 -0.000127126 8.13256e-05 -0.000109331 -6.30442e-05
internal_weight=5400 1612 3788 1258 354 1314 2474 563 695 691 623 1937 537 257 306 415 280 360 100 331 310 313 154 260 1730 277 128 207 178 232
internal_count=5400 1612 3788 1258 354 1314 2474 563 695 691 623 1937 537 257 306 415 280 360 100 331 310 313 154 260 1730 277 128 207 178 232
is_linear=0
shrinkage=0.05


Tree=96
num_leaves=31
num_cat=0
split_feature=0 0 0 0 0 0 0 0 0 0 0 0 0 0 0 0 0 0 0 0 0 0 0 0 0 0 0 0 0 0
split_gain=0.0148669 0.00258443 0.00234122 0.000497415 0.000226766 0.000200046 0.000197976 8.29517e-05 5.62317e-05 2.98013e-05 2.08684e-05 1.77387e-05 1.01512e-05 9.79142e-06 8.51173e-06 8.29889e-06 5.47993e-06 3.97348e-06 3.67926e-06 3.30028e-06 3.03153e-06 2.63121e-06 1.98202e-06 1.7917e-06 1.43525e-06 1.38111e-06 1.17565e-06 1.04541e-06 1.02099e-06 9.9054e-07
threshold=75.595000000000013 62.050000000000004 83.540000000000006 69.550000000000011 1.0000000180025095e-35 79.345000000000013 87.050000000000011 66.425000000000011 72.500000000000014 81.490000000000023 77.290000000000006 85.595000000000013 63.925000000000004 88.095000000000013 68.095000000000013 74.345000000000013 71.250000000000014 80.595000000000013 60.205000000000005 82.530000000000015 78.300000000000011 84.790000000000006 64.550000000000011 86.490000000000023 88.990000000000023 76.845000000000013 67.500000000000014 74.820000000000007 68.750000000000014 73.570000000000007
decision_type=2 2 2 2 2 2 2 2 2 2 2 2 2 2 2 2 2 2 2 2 2 2 2 2 2 2 2 2 2 2
left_child=1 4 5 7 -1 10 11 12 16 17 25 21 -3 -8 26 29 -5 -7 -6 -11 -12 -4 -14 -13 -15 -2 -9 -17 -16 -10
right_child=2 3 6 8 18 9 13 14 15 19 20 23 22 24 28 27 -18 -19 -20 -21 -22 -23 -24 -25 -26 -27 -28 -29 -30 -31
leaf_value=-0.0002716319635510445 -3.2420781078851891e-05 -0.00016161750852880839 4.6272604930552421e-05 -8.8981991470943574e-05 -0.00019935532473027708 4.1832344164149398e-06 7.8567690018174904e-05 -0.00012479782663285733 -6.2785971005303929e-05 2.41513202709505e-05 -1.6300564886518441e-05 6.3803563432791714e-05 -0.00014940105611458421 8.7221254501786518e-05 -0.00010840579491006594 -4.9891994179536907e-05 -7.4931588867224586e-05 1.4791972958670568e-05 -0.00017720656081413229 3.4165230751027134e-05 -6.7733680207898183e-06 5.5508062500701918e-05 -0.00013734844617220096 7.2217082060030053e-05 9.2220475198701035e-05 -2.4685178323125002e-05 -0.00011506932787597179 -4.2283548756648657e-05 -0.00010070680141715068 -5.6203663253280169e-05
leaf_weight=254 207 103 204 153 25 205 153 75 130 153 181 157 51 158 73 81 127 155 75 178 155 124 103 106 1572 80 53 102 105 102
leaf_count=254 207 103 204 153 25 205 153 75 130 153 181 157 51 158 73 81 127 155 75 178 155 124 103 106 1572 80 53 102 105 102
internal_value=9.77223e-13 -0.000127176 5.41203e-05 -9.35922e-05 -0.000246522 1.83175e-07 8.27677e-05 -0.000128525 -6.52945e-05 1.87075e-05 -2.03631e-05 5.75208e-05 -0.000149467 9.06917e-05 -0.000110936 -5.36123e-05 -8.26091e-05 8.75089e-06 -0.000182744 2.95364e-05 -1.19056e-05 4.97641e-05 -0.00014134 6.71946e-05 9.17639e-05 -3.02645e-05 -0.00012077 -4.56512e-05 -0.000103864 -5.9892e-05
internal_weight=5400 1612 3788 1258 354 1314 2474 563 695 691 623 591 257 1883 306 415 280 360 100 331 336 328 154 263 1730 287 128 183 178 232
internal_count=5400 1612 3788 1258 354 1314 2474 563 695 691 623 591 257 1883 306 415 280 360 100 331 336 328 154 263 1730 287 128 183 178 232
is_linear=0
shrinkage=0.05


Tree=97
num_leaves=31
num_cat=0
split_feature=0 0 0 0 0 0 0 0 0 0 0 0 0 0 0 0 0 0 0 0 0 0 0 0 0 0 0 0 0 0
split_gain=0.0134184 0.00251748 0.00186821 0.000420292 0.000356815 0.000174045 0.000142592 5.97311e-05 4.77826e-05 2.53044e-05 1.95235e-05 1.29374e-05 1.11762e-05 7.65265e-06 6.83385e-06 6.51995e-06 5.80535e-06 5.27453e-06 4.46627e-06 2.78362e-06 2.29817e-06 2.22264e-06 2.11972e-06 1.48996e-06 1.34334e-06 1.20414e-06 1.14053e-06 1.05341e-06 1.0243e-06 1.0002e-06
threshold=76.280000000000015 63.300000000000004 83.990000000000023 70.595000000000013 1.0000000180025095e-35 80.030000000000015 87.290000000000006 67.050000000000011 73.990000000000023 81.845000000000013 78.095000000000013 85.800000000000011 72.050000000000011 61.425000000000004 68.300000000000011 88.780000000000015 65.175000000000011 75.240000000000023 83.095000000000013 77.050000000000011 78.990000000000023 80.800000000000011 84.790000000000006 87.740000000000023 71.845000000000013 69.345000000000013 62.675000000000004 86.490000000000023 65.800000000000011 60.205000000000005
decision_type=2 2 2 2 2 2 2 2 2 2 2 2 2 2 2 2 2 2 2 2 2 2 2 2 2 2 2 2 2 2
left_child=1 4 5 7 -1 10 11 16 12 21 19 22 24 29 -9 23 -3 -10 -11 -2 -12 -7 -4 -8 -5 -16 -15 -13 -18 -6
right_child=2 3 6 8 13 9 15 14 17 18 20 27 -14 26 25 -17 28 -19 -20 -21 -22 -23 -24 -25 -26 -27 -28 -29 -30 -31
leaf_value=-0.00025805037003010515 -2.723850409893203e-05 -0.00014146745271122486 4.5594897506257096e-05 -7.9048985196638482e-05 -0.00018938756547868252 8.1993584852218141e-06 7.2795495629849794e-05 -0.00010841396815092193 -4.7137050895725154e-05 2.7195514506756274e-05 -9.2086208053679471e-06 6.227353774450438e-05 -5.9284708514646851e-05 -0.00016308965330774134 -9.8613769126435134e-05 8.7496647937223315e-05 -0.00013097355840727687 -3.4543240962500703e-05 3.8517713332303657e-05 -1.7821355443145451e-05 -5.9830686627985606e-07 1.6708144268669263e-05 5.4023748995470159e-05 8.1333024979521261e-05 -6.9529656320810326e-05 -9.0611899097908352e-05 -0.00015344920102506877 6.8966498171600207e-05 -0.00012183749894067258 -0.00017524402355775239
leaf_weight=254 160 102 130 129 25 154 76 127 185 204 156 106 206 77 75 1625 51 151 152 154 154 153 175 156 52 126 51 132 77 25
leaf_count=254 160 102 130 129 25 154 76 127 185 204 156 106 206 77 75 1625 51 151 152 154 154 153 175 156 52 126 51 132 77 25
internal_value=5.36384e-13 -0.000115633 5.37236e-05 -8.04328e-05 -0.00022001 5.12066e-06 7.97869e-05 -0.000113033 -5.52723e-05 2.29587e-05 -1.38323e-05 5.72487e-05 -6.72494e-05 -0.000165728 -9.93345e-05 8.63772e-05 -0.000132569 -4.14773e-05 3.20297e-05 -2.26199e-05 -4.93124e-06 1.24399e-05 5.04311e-05 7.85362e-05 -7.63142e-05 -9.35977e-05 -0.000159249 6.59856e-05 -0.000125478 -0.000182316
internal_weight=5400 1713 3687 1281 432 1287 2400 558 723 663 624 543 387 178 328 1857 230 336 356 314 310 307 305 232 181 201 128 238 128 50
internal_count=5400 1713 3687 1281 432 1287 2400 558 723 663 624 543 387 178 328 1857 230 336 356 314 310 307 305 232 181 201 128 238 128 50
is_linear=0
shrinkage=0.05


Tree=98
num_leaves=31
num_cat=0
split_feature=0 0 0 0 0 0 0 0 0 0 0 0 0 0 0 0 0 0 0 0 0 0 0 0 0 0 0 0 0 0
split_gain=0.0121104 0.0022314 0.00173773 0.00042751 0.00023343 0.000149794 0.000146931 7.48922e-05 3.99082e-05 1.95577e-05 1.8e-05 1.46717e-05 1.06171e-05 9.44684e-06 6.16755e-06 5.88425e-06 4.04528e-06 3.99492e-06 2.99359e-06 2.34344e-06 2.0741e-06 2.00593e-06 1.78312e-06 1.73336e-06 1.52094e-06 1.34469e-06 1.12663e-06 1.08674e-06 1.04394e-06 9.0268e-07
threshold=76.040000000000006 62.675000000000004 83.780000000000015 70.595000000000013 1.0000000180025095e-35 87.290000000000006 80.030000000000015 67.050000000000011 73.095000000000013 78.095000000000013 81.845000000000013 85.595000000000013 64.550000000000011 74.550000000000011 68.300000000000011 88.780000000000015 61.425000000000004 71.845000000000013 77.050000000000011 83.095000000000013 78.990000000000023 80.800000000000011 86.490000000000023 84.790000000000006 65.800000000000011 87.740000000000023 75.240000000000023 69.345000000000013 63.300000000000004 60.205000000000005
decision_type=2 2 2 2 2 2 2 2 2 2 2 2 2 2 2 2 2 2 2 2 2 2 2 2 2 2 2 2 2 2
left_child=1 4 6 7 -1 11 9 12 17 18 21 23 28 -10 -9 25 29 -5 -2 -12 -11 -8 -13 -4 -14 -7 -15 -16 -3 -6
right_child=2 3 5 8 16 15 10 14 13 20 19 22 24 26 27 -17 -18 -19 -20 -21 -22 -23 -24 -25 -26 -27 -28 -29 -30 -31
leaf_value=-0.00024514785036444664 -2.6378625261713753e-05 -0.00014577674446627497 4.2340207608239781e-05 -7.5096534898995554e-05 -0.0001799181802198291 6.9155722035487238e-05 7.7893906516739608e-06 -0.00010299327009628843 -5.0998888123764569e-05 -8.748189597659243e-06 2.5835738073082587e-05 5.7633699861111916e-05 -0.00012568353899065164 -4.1004763311954052e-05 -9.3683081446215512e-05 8.3121812719708459e-05 -0.00015493516746739095 -6.2676946399733424e-05 -1.6930287831626205e-05 3.5087672148116873e-05 -5.6839148871770337e-07 1.5872737732898516e-05 6.5518172711811289e-05 5.0031471947741307e-05 -0.00011574562484785527 7.7266374846192038e-05 -3.3400106169540057e-05 -8.6081305810708616e-05 -0.00013652937456132158 -0.00016648181481286885
leaf_weight=254 184 51 179 129 25 76 154 127 234 156 204 157 77 79 75 1625 77 130 154 103 154 153 132 124 77 156 127 126 76 25
leaf_count=254 184 51 179 129 25 76 154 127 234 156 204 157 77 79 75 1625 77 130 154 103 154 153 132 124 77 156 127 126 76 25
internal_value=-2.63998e-13 -0.00011099 5.05151e-05 -7.99724e-05 -0.000217474 7.50764e-05 2.85217e-06 -0.000110597 -5.3291e-05 -1.37549e-05 2.03789e-05 5.31752e-05 -0.000129541 -4.41248e-05 -9.43677e-05 8.20583e-05 -0.000162126 -6.88628e-05 -2.20738e-05 2.89398e-05 -4.68468e-06 1.18179e-05 6.12349e-05 4.54878e-05 -0.000120715 7.46094e-05 -3.63165e-05 -8.89178e-05 -0.000140243 -0.0001732
internal_weight=5400 1689 3711 1308 381 2449 1262 609 699 648 614 592 281 440 328 1857 127 259 338 307 310 307 289 303 154 232 206 201 127 50
internal_count=5400 1689 3711 1308 381 2449 1262 609 699 648 614 592 281 440 328 1857 127 259 338 307 310 307 289 303 154 232 206 201 127 50
is_linear=0
shrinkage=0.05


Tree=99
num_leaves=31
num_cat=0
split_feature=0 0 0 0 0 0 0 0 0 0 0 0 0 0 0 0 0 0 0 0 0 0 0 0 0 0 0 0 0 0
split_gain=0.0109305 0.00213242 0.00141962 0.00037466 0.000290628 0.000141833 9.70434e-05 4.87686e-05 4.76515e-05 2.09317e-05 1.56268e-05 1.13878e-05 9.10727e-06 6.23313e-06 6.18189e-06 5.89145e-06 3.92342e-06 3.43044e-06 2.31286e-06 2.01579e-06 1.92928e-06 1.7403e-06 1.46988e-06 1.30609e-06 1.05158e-06 9.47973e-07 9.28965e-07 8.14669e-07 7.62414e-07 7.0342e-07
threshold=76.490000000000023 63.300000000000004 84.345000000000013 70.595000000000013 1.0000000180025095e-35 80.240000000000023 87.740000000000023 67.500000000000014 73.990000000000023 82.050000000000011 78.300000000000011 85.800000000000011 72.050000000000011 61.425000000000004 65.175000000000011 75.240000000000023 68.750000000000014 83.095000000000013 77.530000000000015 79.345000000000013 88.990000000000023 81.280000000000015 86.845000000000013 66.425000000000011 71.845000000000013 85.240000000000023 62.675000000000004 60.205000000000005 69.550000000000011 73.095000000000013
decision_type=2 2 2 2 2 2 2 2 2 2 2 2 2 2 2 2 2 2 2 2 2 2 2 2 2 2 2 2 2 2
left_child=1 4 5 7 -1 10 11 14 12 21 18 25 24 27 -3 -10 -9 -11 -2 -12 -8 -7 -13 -16 -5 -4 -15 -6 -18 -14
right_child=2 3 6 8 13 9 20 16 15 17 19 22 29 26 23 -17 28 -19 -20 -21 -22 -23 -24 -25 -26 -27 -28 -29 -30 -31
leaf_value=-0.00023289045784622431 -2.1900871843747984e-05 -0.00012770584149870509 4.4266170472837987e-05 -7.1341708815086249e-05 -0.00017092227935791018 1.013112339374512e-05 7.3965237633008785e-05 -9.5252330010269019e-05 -4.2443642804927722e-05 2.5996658074074359e-05 -5.8184998230107372e-06 5.7666088731464335e-05 -5.7292279476920765e-05 -0.00014718841056811155 -0.00011636805917172658 -3.0136688430680007e-05 -8.6450425442308187e-05 3.5927924228173387e-05 -1.3304362730723957e-05 2.2584112442715409e-06 7.9078524140641104e-05 1.7648138868201885e-05 6.450812021891276e-05 -0.00010709758708253503 -6.291932659223676e-05 5.0513906171545389e-05 -0.0001384879113174975 -0.00015815772349014878 -7.9797395371053735e-05 -5.1268643983348741e-05
leaf_weight=254 158 102 150 129 25 153 209 126 185 151 155 158 78 77 77 205 105 205 155 154 1572 155 156 75 52 102 51 25 73 128
leaf_count=254 158 102 150 129 25 153 209 126 185 151 155 158 78 77 77 205 105 205 155 154 1572 155 156 75 52 102 51 25 73 128
internal_value=-2.17336e-13 -0.000102002 4.9611e-05 -7.07559e-05 -0.000198559 7.38698e-06 7.27469e-05 -0.000102012 -4.83091e-05 2.34582e-05 -9.76943e-06 5.47118e-05 -6.07392e-05 -0.00014957 -0.000118184 -3.59746e-05 -8.8501e-05 3.17155e-05 -1.76438e-05 -1.79311e-06 7.84785e-05 1.3914e-05 6.10653e-05 -0.000111794 -6.8922e-05 4.6795e-05 -0.000143722 -0.00016454 -8.37219e-05 -5.35494e-05
internal_weight=5400 1767 3633 1335 432 1286 2347 558 777 664 622 566 387 178 254 390 304 356 313 309 1781 308 314 152 181 252 128 50 178 206
internal_count=5400 1767 3633 1335 432 1286 2347 558 777 664 622 566 387 178 254 390 304 356 313 309 1781 308 314 152 181 252 128 50 178 206
is_linear=0
shrinkage=0.05


end of trees

feature_importances:
loadPercent=3000

parameters:
[boosting: gbdt]
[objective: regression]
[metric: rmse]
[tree_learner: serial]
[device_type: cpu]
[data_sample_strategy: bagging]
[data: ]
[valid: ]
[num_iterations: 100]
[learning_rate: 0.05]
[num_leaves: 31]
[num_threads: 0]
[seed: 0]
[deterministic: 0]
[force_col_wise: 0]
[force_row_wise: 0]
[histogram_pool_size: -1]
[max_depth: -1]
[min_data_in_leaf: 20]
[min_sum_hessian_in_leaf: 0.001]
[bagging_fraction: 1]
[pos_bagging_fraction: 1]
[neg_bagging_fraction: 1]
[bagging_freq: 0]
[bagging_seed: 3]
[bagging_by_query: 0]
[feature_fraction: 1]
[feature_fraction_bynode: 1]
[feature_fraction_seed: 2]
[extra_trees: 0]
[extra_seed: 6]
[early_stopping_round: 0]
[early_stopping_min_delta: 0]
[first_metric_only: 0]
[max_delta_step: 0]
[lambda_l1: 0]
[lambda_l2: 0]
[linear_lambda: 0]
[min_gain_to_split: 0]
[drop_rate: 0.1]
[max_drop: 50]
[skip_drop: 0.5]
[xgboost_dart_mode: 0]
[uniform_drop: 0]
[drop_seed: 4]
[top_rate: 0.2]
[other_rate: 0.1]
[min_data_per_group: 100]
[max_cat_threshold: 32]
[cat_l2: 10]
[cat_smooth: 10]
[max_cat_to_onehot: 4]
[top_k: 20]
[monotone_constraints: ]
[monotone_constraints_method: basic]
[monotone_penalty: 0]
[feature_contri: ]
[forcedsplits_filename: ]
[refit_decay_rate: 0.9]
[cegb_tradeoff: 1]
[cegb_penalty_split: 0]
[cegb_penalty_feature_lazy: ]
[cegb_penalty_feature_coupled: ]
[path_smooth: 0]
[interaction_constraints: ]
[verbosity: 1]
[saved_feature_importance_type: 0]
[use_quantized_grad: 0]
[num_grad_quant_bins: 4]
[quant_train_renew_leaf: 0]
[stochastic_rounding: 1]
[linear_tree: 0]
[max_bin: 255]
[max_bin_by_feature: ]
[min_data_in_bin: 3]
[bin_construct_sample_cnt: 200000]
[data_random_seed: 1]
[is_enable_sparse: 1]
[enable_bundle: 1]
[use_missing: 1]
[zero_as_missing: 0]
[feature_pre_filter: 1]
[pre_partition: 0]
[two_round: 0]
[header: 0]
[label_column: ]
[weight_column: ]
[group_column: ]
[ignore_column: ]
[categorical_feature: ]
[forcedbins_filename: ]
[precise_float_parser: 0]
[parser_config_file: ]
[objective_seed: 5]
[num_class: 1]
[is_unbalance: 0]
[scale_pos_weight: 1]
[sigmoid: 1]
[boost_from_average: 1]
[reg_sqrt: 0]
[alpha: 0.9]
[fair_c: 1]
[poisson_max_delta_step: 0.7]
[tweedie_variance_power: 1.5]
[lambdarank_truncation_level: 30]
[lambdarank_norm: 1]
[label_gain: ]
[lambdarank_position_bias_regularization: 0]
[eval_at: ]
[multi_error_top_k: 1]
[auc_mu_weights: ]
[num_machines: 1]
[local_listen_port: 12400]
[time_out: 120]
[machine_list_filename: ]
[machines: ]
[gpu_platform_id: -1]
[gpu_device_id: -1]
[gpu_use_dp: 0]
[num_gpu: 1]

end of parameters

pandas_categorical:[]
